team_id,team,team_abbrev,athlete_id,player,position,jersey,age,height_inches,weight_lbs,experience_years,status,headshot
1,Atlanta Hawks,ATL,4278039,Nickeil Alexander-Walker,Guard,7,27,77.0,205.0,6.0,Active,https://a.espncdn.com/i/headshots/nba/players/full/4278039.png
1,Atlanta Hawks,ATL,4065673,Tony Bradley,Center,13,28,82.0,248.0,7.0,Active,https://a.espncdn.com/i/headshots/nba/players/full/4065673.png
1,Atlanta Hawks,ATL,4869342,Dyson Daniels,Guard,5,23,79.0,199.0,3.0,Active,https://a.espncdn.com/i/headshots/nba/players/full/4869342.png
1,Atlanta Hawks,ATL,4431941,RayJ Dennis,Guard,00,25,74.0,180.0,1.0,Active,https://a.espncdn.com/i/headshots/nba/players/full/4431941.png
1,Atlanta Hawks,ATL,4585618,Keshon Gilbert,Guard,,22,76.0,200.0,,Active,https://a.espncdn.com/i/headshots/nba/players/full/4585618.png
1,Atlanta Hawks,ATL,4712863,Mouhamed Gueye,Forward,18,23,83.0,210.0,2.0,Active,https://a.espncdn.com/i/headshots/nba/players/full/4712863.png
1,Atlanta Hawks,ATL,2990984,Buddy Hield,Guard,8,33,76.0,220.0,9.0,Active,https://a.espncdn.com/i/headshots/nba/players/full/2990984.png
1,Atlanta Hawks,ATL,4433623,Caleb Houstan,Guard,33,23,80.0,205.0,3.0,Active,https://a.espncdn.com/i/headshots/nba/players/full/4433623.png
1,Atlanta Hawks,ATL,4701230,Jalen Johnson,Forward,1,24,80.0,219.0,4.0,Active,https://a.espncdn.com/i/headshots/nba/players/full/4701230.png
1,Atlanta Hawks,ATL,4280151,Corey Kispert,Forward,24,27,78.0,224.0,4.0,Active,https://a.espncdn.com/i/headshots/nba/players/full/4280151.png
1,Atlanta Hawks,ATL,4431778,Christian Koloko,Center,35,25,83.0,225.0,3.0,Active,https://a.espncdn.com/i/headshots/nba/players/full/4431778.png
1,Atlanta Hawks,ATL,4433247,Jonathan Kuminga,Forward,0,23,79.0,225.0,4.0,Active,https://a.espncdn.com/i/headshots/nba/players/full/4433247.png
1,Atlanta Hawks,ATL,3146557,Jock Landale,Center,31,30,83.0,255.0,4.0,Active,https://a.espncdn.com/i/headshots/nba/players/full/3146557.png
1,Atlanta Hawks,ATL,2490149,CJ McCollum,Guard,3,34,75.0,190.0,12.0,Active,https://a.espncdn.com/i/headshots/nba/players/full/2490149.png
1,Atlanta Hawks,ATL,4873201,Asa Newell,Forward,14,20,82.0,220.0,0.0,Active,https://a.espncdn.com/i/headshots/nba/players/full/4873201.png
1,Atlanta Hawks,ATL,4431680,Onyeka Okongwu,Forward,17,25,82.0,240.0,5.0,Active,https://a.espncdn.com/i/headshots/nba/players/full/4431680.png
1,Atlanta Hawks,ATL,5211175,Zaccharie Risacher,Forward,10,21,80.0,200.0,1.0,Active,https://a.espncdn.com/i/headshots/nba/players/full/5211175.png
1,Atlanta Hawks,ATL,3137259,Gabe Vincent,Guard,4,29,74.0,200.0,6.0,Active,https://a.espncdn.com/i/headshots/nba/players/full/3137259.png
1,Atlanta Hawks,ATL,4279118,Keaton Wallace,Guard,2,27,75.0,185.0,1.0,Active,https://a.espncdn.com/i/headshots/nba/players/full/4279118.png
2,Boston Celtics,BOS,4397885,Dalano Banton,Forward,45,26,80.0,203.0,4.0,Active,https://a.espncdn.com/i/headshots/nba/players/full/4397885.png
2,Boston Celtics,BOS,3917376,Jaylen Brown,Guard,7,29,78.0,223.0,9.0,Active,https://a.espncdn.com/i/headshots/nba/players/full/3917376.png
2,Boston Celtics,BOS,4277951,Luka Garza,Center,52,27,82.0,243.0,4.0,Active,https://a.espncdn.com/i/headshots/nba/players/full/4277951.png
2,Boston Celtics,BOS,5175647,Hugo Gonzalez,Guard,28,20,78.0,200.0,0.0,Active,https://a.espncdn.com/i/headshots/nba/players/full/5175647.png
2,Boston Celtics,BOS,4397251,Ron Harper Jr.,Guard,13,26,77.0,233.0,3.0,Active,https://a.espncdn.com/i/headshots/nba/players/full/4397251.png
2,Boston Celtics,BOS,4065804,Sam Hauser,Forward,30,28,79.0,217.0,4.0,Active,https://a.espncdn.com/i/headshots/nba/players/full/4065804.png
2,Boston Celtics,BOS,4066354,Payton Pritchard,Guard,11,28,73.0,195.0,5.0,Active,https://a.espncdn.com/i/headshots/nba/players/full/4066354.png
2,Boston Celtics,BOS,4397424,Neemias Queta,Center,88,26,84.0,248.0,4.0,Active,https://a.espncdn.com/i/headshots/nba/players/full/4397424.png
2,Boston Celtics,BOS,4593841,Baylor Scheierman,Guard,55,25,78.0,205.0,1.0,Active,https://a.espncdn.com/i/headshots/nba/players/full/4593841.png
2,Boston Celtics,BOS,4701992,Max Shulga,Guard,44,23,76.0,210.0,0.0,Active,https://a.espncdn.com/i/headshots/nba/players/full/4701992.png
2,Boston Celtics,BOS,4065648,Jayson Tatum,Forward,0,28,80.0,210.0,8.0,Active,https://a.espncdn.com/i/headshots/nba/players/full/4065648.png
2,Boston Celtics,BOS,4593043,John Tonje,Guard,8,25,76.0,218.0,0.0,Active,https://a.espncdn.com/i/headshots/nba/players/full/4593043.png
2,Boston Celtics,BOS,6478,Nikola Vucevic,Center,4,35,81.0,260.0,14.0,Active,https://a.espncdn.com/i/headshots/nba/players/full/6478.png
2,Boston Celtics,BOS,4683689,Jordan Walsh,Guard,27,22,78.0,205.0,2.0,Active,https://a.espncdn.com/i/headshots/nba/players/full/4683689.png
2,Boston Celtics,BOS,3078576,Derrick White,Guard,9,31,76.0,190.0,8.0,Active,https://a.espncdn.com/i/headshots/nba/players/full/3078576.png
2,Boston Celtics,BOS,4702745,Amari Williams,Forward,77,24,83.0,250.0,0.0,Active,https://a.espncdn.com/i/headshots/nba/players/full/4702745.png
17,Brooklyn Nets,BKN,4397018,Ochai Agbaji,Guard,30,26,77.0,215.0,3.0,Active,https://a.espncdn.com/i/headshots/nba/players/full/4397018.png
17,Brooklyn Nets,BKN,4278067,Nic Claxton,Center,33,27,83.0,215.0,6.0,Active,https://a.espncdn.com/i/headshots/nba/players/full/4278067.png
17,Brooklyn Nets,BKN,4712896,Noah Clowney,Forward,21,21,82.0,210.0,2.0,Active,https://a.espncdn.com/i/headshots/nba/players/full/4712896.png
17,Brooklyn Nets,BKN,5175643,Egor Demin,Guard,8,20,80.0,200.0,0.0,Active,https://a.espncdn.com/i/headshots/nba/players/full/5175643.png
17,Brooklyn Nets,BKN,4432887,Tyson Etienne,Guard,10,26,72.0,200.0,1.0,Active,https://a.espncdn.com/i/headshots/nba/players/full/4432887.png
17,Brooklyn Nets,BKN,5174655,Chaney Johnson,Forward,31,23,80.0,225.0,0.0,Active,https://a.espncdn.com/i/headshots/nba/players/full/5174655.png
17,Brooklyn Nets,BKN,4432821,E.J. Liddell,Forward,9,25,78.0,240.0,2.0,Active,https://a.espncdn.com/i/headshots/nba/players/full/4432821.png
17,Brooklyn Nets,BKN,3907823,Terance Mann,Guard,14,29,78.0,215.0,6.0,Active,https://a.espncdn.com/i/headshots/nba/players/full/3907823.png
17,Brooklyn Nets,BKN,4687718,Josh Minott,Forward,00,23,80.0,205.0,3.0,Active,https://a.espncdn.com/i/headshots/nba/players/full/4687718.png
17,Brooklyn Nets,BKN,4278104,Michael Porter Jr.,Forward,17,27,82.0,218.0,6.0,Active,https://a.espncdn.com/i/headshots/nba/players/full/4278104.png
17,Brooklyn Nets,BKN,5037873,Drake Powell,Guard,4,20,77.0,195.0,0.0,Active,https://a.espncdn.com/i/headshots/nba/players/full/5037873.png
17,Brooklyn Nets,BKN,5242502,Ben Saraf,Guard,77,20,78.0,200.0,0.0,Active,https://a.espncdn.com/i/headshots/nba/players/full/5242502.png
17,Brooklyn Nets,BKN,3934620,Trevon Scott,Forward,13,29,80.0,225.0,1.0,Active,
17,Brooklyn Nets,BKN,4432194,Day'Ron Sharpe,Center,20,24,82.0,265.0,4.0,Active,https://a.espncdn.com/i/headshots/nba/players/full/4432194.png
17,Brooklyn Nets,BKN,4397784,Malachi Smith,Guard,18,26,76.0,205.0,0.0,Active,
17,Brooklyn Nets,BKN,5279130,Nolan Traore,Guard,88,20,75.0,185.0,0.0,Active,https://a.espncdn.com/i/headshots/nba/players/full/5279130.png
17,Brooklyn Nets,BKN,4433137,Ziaire Williams,Forward,1,24,81.0,185.0,4.0,Active,https://a.espncdn.com/i/headshots/nba/players/full/4433137.png
17,Brooklyn Nets,BKN,4431714,Jalen Wilson,Forward,22,25,78.0,220.0,2.0,Active,https://a.espncdn.com/i/headshots/nba/players/full/4431714.png
17,Brooklyn Nets,BKN,5107173,Danny Wolf,Forward,2,22,83.0,250.0,0.0,Active,https://a.espncdn.com/i/headshots/nba/players/full/5107173.png
30,Charlotte Hornets,CHA,4432816,LaMelo Ball,Guard,1,24,79.0,180.0,5.0,Active,https://a.espncdn.com/i/headshots/nba/players/full/4432816.png
30,Charlotte Hornets,CHA,4066383,Miles Bridges,Forward,0,28,79.0,225.0,6.0,Active,https://a.espncdn.com/i/headshots/nba/players/full/4066383.png
30,Charlotte Hornets,CHA,2578239,Pat Connaughton,Guard,21,33,77.0,209.0,10.0,Active,https://a.espncdn.com/i/headshots/nba/players/full/2578239.png
30,Charlotte Hornets,CHA,4433249,Moussa Diabate,Forward,14,24,82.0,210.0,3.0,Active,https://a.espncdn.com/i/headshots/nba/players/full/4433249.png
30,Charlotte Hornets,CHA,4597865,Tosan Evbuomwan,Forward,20,25,80.0,217.0,2.0,Active,https://a.espncdn.com/i/headshots/nba/players/full/4597865.png
30,Charlotte Hornets,CHA,4432811,Josh Green,Guard,10,25,78.0,200.0,5.0,Active,https://a.espncdn.com/i/headshots/nba/players/full/4432811.png
30,Charlotte Hornets,CHA,4701225,PJ Hall,Center,16,24,80.0,245.0,1.0,Active,https://a.espncdn.com/i/headshots/nba/players/full/4701225.png
30,Charlotte Hornets,CHA,4602025,Sion James,Guard,4,23,77.0,220.0,0.0,Active,https://a.espncdn.com/i/headshots/nba/players/full/4602025.png
30,Charlotte Hornets,CHA,4576060,Ryan Kalkbrenner,Center,11,24,85.0,256.0,0.0,Active,https://a.espncdn.com/i/headshots/nba/players/full/4576060.png
30,Charlotte Hornets,CHA,5061575,Kon Knueppel,Guard,7,20,78.0,215.0,0.0,Active,https://a.espncdn.com/i/headshots/nba/players/full/5061575.png
30,Charlotte Hornets,CHA,4432819,Tre Mann,Guard,23,25,76.0,178.0,4.0,Active,https://a.espncdn.com/i/headshots/nba/players/full/4432819.png
30,Charlotte Hornets,CHA,5239590,Liam McNeeley,Guard,33,20,79.0,210.0,0.0,Active,https://a.espncdn.com/i/headshots/nba/players/full/5239590.png
30,Charlotte Hornets,CHA,4433287,Brandon Miller,Forward,24,23,79.0,200.0,2.0,Active,https://a.espncdn.com/i/headshots/nba/players/full/4433287.png
30,Charlotte Hornets,CHA,4592686,Antonio Reeves,Guard,12,25,77.0,205.0,1.0,Active,https://a.espncdn.com/i/headshots/nba/players/full/4592686.png
30,Charlotte Hornets,CHA,5211176,Tidjane Salaun,Forward,31,20,82.0,207.0,1.0,Active,https://a.espncdn.com/i/headshots/nba/players/full/5211176.png
30,Charlotte Hornets,CHA,4277964,Xavier Tillman,Forward,26,27,80.0,245.0,5.0,Active,https://a.espncdn.com/i/headshots/nba/players/full/4277964.png
30,Charlotte Hornets,CHA,4395651,Coby White,Guard,3,26,76.0,195.0,6.0,Active,https://a.espncdn.com/i/headshots/nba/players/full/4395651.png
30,Charlotte Hornets,CHA,4066218,Grant Williams,Forward,2,27,79.0,236.0,6.0,Active,https://a.espncdn.com/i/headshots/nba/players/full/4066218.png
4,Chicago Bulls,CHI,4711294,Matas Buzelis,Forward,14,21,80.0,209.0,1.0,Active,https://a.espncdn.com/i/headshots/nba/players/full/4711294.png
4,Chicago Bulls,CHI,4066650,Zach Collins,Forward,12,28,81.0,250.0,8.0,Active,https://a.espncdn.com/i/headshots/nba/players/full/4066650.png
4,Chicago Bulls,CHI,4684275,Rob Dillingham,Guard,7,21,74.0,175.0,1.0,Active,https://a.espncdn.com/i/headshots/nba/players/full/4684275.png
4,Chicago Bulls,CHI,5242496,Noa Essengue,Forward,24,19,80.0,200.0,0.0,Active,https://a.espncdn.com/i/headshots/nba/players/full/5242496.png
4,Chicago Bulls,CHI,4871145,Josh Giddey,Guard,3,23,79.0,216.0,4.0,Active,https://a.espncdn.com/i/headshots/nba/players/full/4871145.png
4,Chicago Bulls,CHI,4592933,Mouhamadou Gueye,Forward,16,27,81.0,210.0,1.0,Active,https://a.espncdn.com/i/headshots/nba/players/full/4592933.png
4,Chicago Bulls,CHI,4395626,Tre Jones,Guard,30,26,73.0,185.0,5.0,Active,https://a.espncdn.com/i/headshots/nba/players/full/4395626.png
4,Chicago Bulls,CHI,5159895,Yuki Kawamura,Guard,8,25,67.0,159.0,1.0,Active,https://a.espncdn.com/i/headshots/nba/players/full/5159895.png
4,Chicago Bulls,CHI,4397071,Mac McClung,Guard,5,27,74.0,185.0,3.0,Active,https://a.espncdn.com/i/headshots/nba/players/full/4397071.png
4,Chicago Bulls,CHI,5044385,Leonard Miller,Forward,11,22,82.0,220.0,2.0,Active,https://a.espncdn.com/i/headshots/nba/players/full/5044385.png
4,Chicago Bulls,CHI,4432822,Isaac Okoro,Forward,35,25,76.0,225.0,5.0,Active,https://a.espncdn.com/i/headshots/nba/players/full/4432822.png
4,Chicago Bulls,CHI,5107156,Lachlan Olbrich,Center,47,22,80.0,236.0,0.0,Active,https://a.espncdn.com/i/headshots/nba/players/full/5107156.png
4,Chicago Bulls,CHI,4278076,Nick Richards,Center,13,28,83.0,245.0,5.0,Active,https://a.espncdn.com/i/headshots/nba/players/full/4278076.png
4,Chicago Bulls,CHI,4277811,Collin Sexton,Guard,2,27,75.0,190.0,7.0,Active,https://a.espncdn.com/i/headshots/nba/players/full/4277811.png
4,Chicago Bulls,CHI,4351851,Anfernee Simons,Guard,22,26,75.0,200.0,7.0,Active,https://a.espncdn.com/i/headshots/nba/players/full/4351851.png
4,Chicago Bulls,CHI,4397189,Jalen Smith,Forward,25,26,80.0,215.0,5.0,Active,https://a.espncdn.com/i/headshots/nba/players/full/4397189.png
4,Chicago Bulls,CHI,4431687,Patrick Williams,Forward,44,24,78.0,215.0,5.0,Active,https://a.espncdn.com/i/headshots/nba/players/full/4431687.png
4,Chicago Bulls,CHI,4017844,Guerschon Yabusele,Forward,28,30,79.0,265.0,3.0,Active,https://a.espncdn.com/i/headshots/nba/players/full/4017844.png
5,Cleveland Cavaliers,CLE,4066328,Jarrett Allen,Center,31,28,81.0,243.0,8.0,Active,https://a.espncdn.com/i/headshots/nba/players/full/4066328.png
5,Cleveland Cavaliers,CLE,3934723,Thomas Bryant,Center,3,28,81.0,248.0,8.0,Active,https://a.espncdn.com/i/headshots/nba/players/full/3934723.png
5,Cleveland Cavaliers,CLE,4702177,Keon Ellis,Guard,14,26,76.0,175.0,3.0,Active,https://a.espncdn.com/i/headshots/nba/players/full/4702177.png
5,Cleveland Cavaliers,CLE,4431734,Tristan Enaruna,Forward,21,24,79.0,220.0,0.0,Active,https://a.espncdn.com/i/headshots/nba/players/full/4431734.png
5,Cleveland Cavaliers,CLE,3992,James Harden,Guard,1,36,77.0,220.0,16.0,Active,https://a.espncdn.com/i/headshots/nba/players/full/3992.png
5,Cleveland Cavaliers,CLE,4066757,Sam Merrill,Guard,5,30,76.0,205.0,5.0,Active,https://a.espncdn.com/i/headshots/nba/players/full/4066757.png
5,Cleveland Cavaliers,CLE,5177362,Riley Minix,Forward,12,25,79.0,230.0,1.0,Active,https://a.espncdn.com/i/headshots/nba/players/full/5177362.png
5,Cleveland Cavaliers,CLE,3908809,Donovan Mitchell,Guard,45,29,74.0,215.0,8.0,Active,https://a.espncdn.com/i/headshots/nba/players/full/3908809.png
5,Cleveland Cavaliers,CLE,4432158,Evan Mobley,Center,4,24,83.0,215.0,4.0,Active,https://a.espncdn.com/i/headshots/nba/players/full/4432158.png
5,Cleveland Cavaliers,CLE,2580365,Larry Nance Jr.,Forward,22,33,78.0,245.0,10.0,Active,https://a.espncdn.com/i/headshots/nba/players/full/2580365.png
5,Cleveland Cavaliers,CLE,4701233,Craig Porter Jr.,Guard,9,26,73.0,180.0,2.0,Active,https://a.espncdn.com/i/headshots/nba/players/full/4701233.png
5,Cleveland Cavaliers,CLE,5023693,Tyrese Proctor,Guard,24,22,76.0,185.0,0.0,Active,https://a.espncdn.com/i/headshots/nba/players/full/5023693.png
5,Cleveland Cavaliers,CLE,4278046,Olivier Sarr,Forward,33,27,82.0,240.0,3.0,Active,https://a.espncdn.com/i/headshots/nba/players/full/4278046.png
5,Cleveland Cavaliers,CLE,3032979,Dennis Schroder,Guard,8,32,73.0,175.0,12.0,Active,https://a.espncdn.com/i/headshots/nba/players/full/3032979.png
5,Cleveland Cavaliers,CLE,4065778,Max Strus,Guard,2,30,77.0,215.0,6.0,Active,https://a.espncdn.com/i/headshots/nba/players/full/4065778.png
5,Cleveland Cavaliers,CLE,5106268,Nae'Qwan Tomlin,Forward,35,25,80.0,210.0,1.0,Active,https://a.espncdn.com/i/headshots/nba/players/full/5106268.png
5,Cleveland Cavaliers,CLE,4683747,Jaylon Tyson,Guard,20,23,78.0,215.0,1.0,Active,https://a.espncdn.com/i/headshots/nba/players/full/4683747.png
5,Cleveland Cavaliers,CLE,3912848,Dean Wade,Forward,32,29,81.0,228.0,6.0,Active,https://a.espncdn.com/i/headshots/nba/players/full/3912848.png
6,Dallas Mavericks,DAL,4277848,Marvin Bagley III,Forward,35,27,82.0,235.0,7.0,Active,https://a.espncdn.com/i/headshots/nba/players/full/4277848.png
6,Dallas Mavericks,DAL,4432582,Max Christie,Guard,00,23,77.0,190.0,3.0,Active,https://a.espncdn.com/i/headshots/nba/players/full/4432582.png
6,Dallas Mavericks,DAL,4701208,Moussa Cisse,Center,30,23,83.0,220.0,0.0,Active,https://a.espncdn.com/i/headshots/nba/players/full/4701208.png
6,Dallas Mavericks,DAL,5041939,Cooper Flagg,Forward,32,19,81.0,205.0,0.0,Active,https://a.espncdn.com/i/headshots/nba/players/full/5041939.png
6,Dallas Mavericks,DAL,4278049,Daniel Gafford,Forward,21,27,82.0,265.0,6.0,Active,https://a.espncdn.com/i/headshots/nba/players/full/4278049.png
6,Dallas Mavericks,DAL,6442,Kyrie Irving,Guard,11,34,74.0,195.0,14.0,Active,https://a.espncdn.com/i/headshots/nba/players/full/6442.png
6,Dallas Mavericks,DAL,5170947,AJ Johnson,Guard,8,21,77.0,160.0,1.0,Active,https://a.espncdn.com/i/headshots/nba/players/full/5170947.png
6,Dallas Mavericks,DAL,4683688,Dereck Lively II,Center,2,22,85.0,230.0,2.0,Active,https://a.espncdn.com/i/headshots/nba/players/full/4683688.png
6,Dallas Mavericks,DAL,4278594,Naji Marshall,Forward,13,28,78.0,220.0,5.0,Active,https://a.espncdn.com/i/headshots/nba/players/full/4278594.png
6,Dallas Mavericks,DAL,3138160,Caleb Martin,Forward,16,30,77.0,205.0,6.0,Active,https://a.espncdn.com/i/headshots/nba/players/full/3138160.png
6,Dallas Mavericks,DAL,6609,Khris Middleton,Forward,20,34,79.0,222.0,13.0,Active,https://a.espncdn.com/i/headshots/nba/players/full/6609.png
6,Dallas Mavericks,DAL,4433629,Ryan Nembhard,Guard,9,23,71.0,180.0,0.0,Active,https://a.espncdn.com/i/headshots/nba/players/full/4433629.png
6,Dallas Mavericks,DAL,4898238,John Poulakidas,Guard,1,23,78.0,205.0,0.0,Active,
6,Dallas Mavericks,DAL,2531367,Dwight Powell,Forward,7,34,82.0,240.0,11.0,Active,https://a.espncdn.com/i/headshots/nba/players/full/2531367.png
6,Dallas Mavericks,DAL,5167876,Tyler Smith,Forward,23,21,81.0,224.0,1.0,Active,https://a.espncdn.com/i/headshots/nba/players/full/5167876.png
6,Dallas Mavericks,DAL,6475,Klay Thompson,Guard,31,36,77.0,220.0,14.0,Active,https://a.espncdn.com/i/headshots/nba/players/full/6475.png
6,Dallas Mavericks,DAL,4278078,P.J. Washington,Forward,25,27,79.0,230.0,6.0,Active,https://a.espncdn.com/i/headshots/nba/players/full/4278078.png
6,Dallas Mavericks,DAL,4397040,Brandon Williams,Guard,10,26,73.0,190.0,3.0,Active,https://a.espncdn.com/i/headshots/nba/players/full/4397040.png
7,Denver Nuggets,DEN,4431767,Christian Braun,Guard,0,25,78.0,220.0,3.0,Active,https://a.espncdn.com/i/headshots/nba/players/full/4431767.png
7,Denver Nuggets,DEN,4065670,Bruce Brown,Guard,11,29,76.0,202.0,7.0,Active,https://a.espncdn.com/i/headshots/nba/players/full/4065670.png
7,Denver Nuggets,DEN,3064290,Aaron Gordon,Forward,32,30,80.0,235.0,11.0,Active,https://a.espncdn.com/i/headshots/nba/players/full/3064290.png
7,Denver Nuggets,DEN,2528210,Tim Hardaway Jr.,Guard,10,34,77.0,205.0,12.0,Active,https://a.espncdn.com/i/headshots/nba/players/full/2528210.png
7,Denver Nuggets,DEN,4433607,DaRon Holmes II,Forward,14,23,81.0,225.0,0.0,Active,https://a.espncdn.com/i/headshots/nba/players/full/4433607.png
7,Denver Nuggets,DEN,3138196,Cameron Johnson,Forward,23,30,80.0,210.0,6.0,Active,https://a.espncdn.com/i/headshots/nba/players/full/3138196.png
7,Denver Nuggets,DEN,3112335,Nikola Jokic,Center,15,31,83.0,284.0,10.0,Active,https://a.espncdn.com/i/headshots/nba/players/full/3112335.png
7,Denver Nuggets,DEN,4898369,Curtis Jones,Guard,1,24,75.0,195.0,0.0,Active,https://a.espncdn.com/i/headshots/nba/players/full/4898369.png
7,Denver Nuggets,DEN,4592427,Spencer Jones,Forward,21,24,79.0,225.0,1.0,Active,https://a.espncdn.com/i/headshots/nba/players/full/4592427.png
7,Denver Nuggets,DEN,3135046,Tyus Jones,Guard,5,30,72.0,196.0,10.0,Active,https://a.espncdn.com/i/headshots/nba/players/full/3135046.png
7,Denver Nuggets,DEN,3936299,Jamal Murray,Guard,27,29,76.0,215.0,9.0,Active,https://a.espncdn.com/i/headshots/nba/players/full/3936299.png
7,Denver Nuggets,DEN,4431690,Zeke Nnaji,Forward,22,25,82.0,240.0,5.0,Active,https://a.espncdn.com/i/headshots/nba/players/full/4431690.png
7,Denver Nuggets,DEN,4398390,Jalen Pickett,Guard,24,26,74.0,202.0,2.0,Active,https://a.espncdn.com/i/headshots/nba/players/full/4398390.png
7,Denver Nuggets,DEN,4593041,David Roddy,Forward,45,25,76.0,255.0,3.0,Active,https://a.espncdn.com/i/headshots/nba/players/full/4593041.png
7,Denver Nuggets,DEN,4683834,KJ Simpson,Guard,25,23,74.0,189.0,1.0,Active,https://a.espncdn.com/i/headshots/nba/players/full/4683834.png
7,Denver Nuggets,DEN,4432181,Julian Strawther,Guard,3,24,78.0,205.0,2.0,Active,https://a.espncdn.com/i/headshots/nba/players/full/4432181.png
7,Denver Nuggets,DEN,6477,Jonas Valanciunas,Center,17,34,83.0,265.0,13.0,Active,https://a.espncdn.com/i/headshots/nba/players/full/6477.png
7,Denver Nuggets,DEN,4576087,Peyton Watson,Guard,8,23,80.0,200.0,3.0,Active,https://a.espncdn.com/i/headshots/nba/players/full/4576087.png
8,Detroit Pistons,DET,4432166,Cade Cunningham,Guard,2,24,78.0,220.0,4.0,Active,https://a.espncdn.com/i/headshots/nba/players/full/4432166.png
8,Detroit Pistons,DET,4433621,Jalen Duren,Center,0,22,82.0,250.0,3.0,Active,https://a.espncdn.com/i/headshots/nba/players/full/4433621.png
8,Detroit Pistons,DET,2596112,Javonte Green,Guard,31,32,77.0,205.0,6.0,Active,https://a.espncdn.com/i/headshots/nba/players/full/2596112.png
8,Detroit Pistons,DET,6440,Tobias Harris,Forward,12,33,80.0,226.0,14.0,Active,https://a.espncdn.com/i/headshots/nba/players/full/6440.png
8,Detroit Pistons,DET,4683771,Ronald Holland II,Forward,5,20,80.0,206.0,1.0,Active,https://a.espncdn.com/i/headshots/nba/players/full/4683771.png
8,Detroit Pistons,DET,4066372,Kevin Huerter,Guard,27,27,78.0,198.0,7.0,Active,https://a.espncdn.com/i/headshots/nba/players/full/4066372.png
8,Detroit Pistons,DET,5107199,Daniss Jenkins,Guard,24,24,76.0,165.0,1.0,Active,https://a.espncdn.com/i/headshots/nba/players/full/5107199.png
8,Detroit Pistons,DET,5107818,Isaac Jones,Center,3,26,80.0,245.0,1.0,Active,https://a.espncdn.com/i/headshots/nba/players/full/5107818.png
8,Detroit Pistons,DET,4700852,Chaz Lanier,Guard,20,24,75.0,206.0,0.0,Active,https://a.espncdn.com/i/headshots/nba/players/full/4700852.png
8,Detroit Pistons,DET,2991043,Caris LeVert,Guard,8,31,79.0,205.0,9.0,Active,https://a.espncdn.com/i/headshots/nba/players/full/2991043.png
8,Detroit Pistons,DET,4592187,Wendell Moore Jr.,Forward,14,24,77.0,215.0,3.0,Active,https://a.espncdn.com/i/headshots/nba/players/full/4592187.png
8,Detroit Pistons,DET,4278562,Paul Reed,Forward,7,26,81.0,210.0,5.0,Active,https://a.espncdn.com/i/headshots/nba/players/full/4278562.png
8,Detroit Pistons,DET,3157465,Duncan Robinson,Forward,55,32,79.0,215.0,7.0,Active,https://a.espncdn.com/i/headshots/nba/players/full/3157465.png
8,Detroit Pistons,DET,4432107,Marcus Sasser,Guard,25,25,73.0,195.0,2.0,Active,https://a.espncdn.com/i/headshots/nba/players/full/4432107.png
8,Detroit Pistons,DET,4397882,Tolu Smith,Forward,35,25,83.0,250.0,1.0,Active,https://a.espncdn.com/i/headshots/nba/players/full/4397882.png
8,Detroit Pistons,DET,4432810,Isaiah Stewart,Forward,28,25,80.0,250.0,5.0,Active,https://a.espncdn.com/i/headshots/nba/players/full/4432810.png
8,Detroit Pistons,DET,4684742,Ausar Thompson,Guard,9,23,79.0,205.0,2.0,Active,https://a.espncdn.com/i/headshots/nba/players/full/4684742.png
9,Golden State Warriors,GS,4397886,Charles Bassey,Center,28,25,82.0,230.0,4.0,Active,https://a.espncdn.com/i/headshots/nba/players/full/4397886.png
9,Golden State Warriors,GS,6430,Jimmy Butler III,Forward,10,36,78.0,230.0,14.0,Active,https://a.espncdn.com/i/headshots/nba/players/full/6430.png
9,Golden State Warriors,GS,4433149,LJ Cryer,Guard,18,24,72.0,200.0,0.0,Active,https://a.espncdn.com/i/headshots/nba/players/full/4433149.png
9,Golden State Warriors,GS,2326307,Seth Curry,Guard,31,35,73.0,185.0,12.0,Active,https://a.espncdn.com/i/headshots/nba/players/full/2326307.png
9,Golden State Warriors,GS,3975,Stephen Curry,Guard,30,38,74.0,185.0,16.0,Active,https://a.espncdn.com/i/headshots/nba/players/full/3975.png
9,Golden State Warriors,GS,6589,Draymond Green,Forward,23,36,78.0,230.0,13.0,Active,https://a.espncdn.com/i/headshots/nba/players/full/6589.png
9,Golden State Warriors,GS,3213,Al Horford,Center,20,40,80.0,240.0,18.0,Active,https://a.espncdn.com/i/headshots/nba/players/full/3213.png
9,Golden State Warriors,GS,4897449,Malevy Leons,Forward,33,26,81.0,203.0,1.0,Active,https://a.espncdn.com/i/headshots/nba/players/full/4897449.png
9,Golden State Warriors,GS,4066436,De'Anthony Melton,Guard,8,28,74.0,200.0,7.0,Active,https://a.espncdn.com/i/headshots/nba/players/full/4066436.png
9,Golden State Warriors,GS,4432171,Moses Moody,Guard,4,24,77.0,211.0,4.0,Active,https://a.espncdn.com/i/headshots/nba/players/full/4432171.png
9,Golden State Warriors,GS,3134903,Gary Payton II,Guard,0,33,74.0,195.0,9.0,Active,https://a.espncdn.com/i/headshots/nba/players/full/3134903.png
9,Golden State Warriors,GS,4709138,Brandin Podziemski,Guard,2,23,76.0,205.0,2.0,Active,https://a.espncdn.com/i/headshots/nba/players/full/4709138.png
9,Golden State Warriors,GS,3102531,Kristaps Porzingis,Center,7,30,86.0,240.0,10.0,Active,https://a.espncdn.com/i/headshots/nba/players/full/3102531.png
9,Golden State Warriors,GS,4593016,Quinten Post,Center,21,26,84.0,238.0,1.0,Active,https://a.espncdn.com/i/headshots/nba/players/full/4593016.png
9,Golden State Warriors,GS,4897262,Will Richard,Guard,3,23,75.0,206.0,0.0,Active,https://a.espncdn.com/i/headshots/nba/players/full/4897262.png
9,Golden State Warriors,GS,4997536,Gui Santos,Forward,15,23,79.0,185.0,2.0,Active,https://a.espncdn.com/i/headshots/nba/players/full/4997536.png
9,Golden State Warriors,GS,4592714,Pat Spencer,Guard,61,29,74.0,205.0,2.0,Active,https://a.espncdn.com/i/headshots/nba/players/full/4592714.png
9,Golden State Warriors,GS,4397821,Nate Williams,Guard,19,27,77.0,205.0,3.0,Active,https://a.espncdn.com/i/headshots/nba/players/full/4397821.png
9,Golden State Warriors,GS,3074213,Omer Yurtseven,Center,77,27,83.0,275.0,3.0,Active,https://a.espncdn.com/i/headshots/nba/players/full/3074213.png
10,Houston Rockets,HOU,2991235,Steven Adams,Center,12,32,83.0,265.0,12.0,Active,https://a.espncdn.com/i/headshots/nba/players/full/2991235.png
10,Houston Rockets,HOU,3102529,Clint Capela,Center,30,32,82.0,256.0,11.0,Active,https://a.espncdn.com/i/headshots/nba/players/full/3102529.png
10,Houston Rockets,HOU,4592857,Isaiah Crawford,Forward,27,24,78.0,220.0,1.0,Active,https://a.espncdn.com/i/headshots/nba/players/full/4592857.png
10,Houston Rockets,HOU,4576085,JD Davison,Guard,4,23,73.0,195.0,3.0,Active,https://a.espncdn.com/i/headshots/nba/players/full/4576085.png
10,Houston Rockets,HOU,3202,Kevin Durant,Forward,7,37,83.0,240.0,18.0,Active,https://a.espncdn.com/i/headshots/nba/players/full/3202.png
10,Houston Rockets,HOU,4433192,Tari Eason,Forward,17,25,80.0,215.0,3.0,Active,https://a.espncdn.com/i/headshots/nba/players/full/4433192.png
10,Houston Rockets,HOU,2578185,Dorian Finney-Smith,Forward,2,33,79.0,220.0,9.0,Active,https://a.espncdn.com/i/headshots/nba/players/full/2578185.png
10,Houston Rockets,HOU,3209,Jeff Green,Forward,32,39,80.0,235.0,18.0,Active,https://a.espncdn.com/i/headshots/nba/players/full/3209.png
10,Houston Rockets,HOU,3922230,Aaron Holiday,Guard,0,29,72.0,185.0,7.0,Active,https://a.espncdn.com/i/headshots/nba/players/full/3922230.png
10,Houston Rockets,HOU,4592965,Tristen Newton,Guard,13,25,77.0,190.0,1.0,Active,https://a.espncdn.com/i/headshots/nba/players/full/4592965.png
10,Houston Rockets,HOU,4065663,Josh Okogie,Guard,20,27,76.0,213.0,7.0,Active,https://a.espncdn.com/i/headshots/nba/players/full/4065663.png
10,Houston Rockets,HOU,4871144,Alperen Sengun,Center,28,23,83.0,243.0,4.0,Active,https://a.espncdn.com/i/headshots/nba/players/full/4871144.png
10,Houston Rockets,HOU,4711272,Reed Sheppard,Guard,15,21,74.0,185.0,1.0,Active,https://a.espncdn.com/i/headshots/nba/players/full/4711272.png
10,Houston Rockets,HOU,4432639,Jabari Smith Jr.,Forward,10,23,83.0,220.0,3.0,Active,https://a.espncdn.com/i/headshots/nba/players/full/4432639.png
10,Houston Rockets,HOU,3136777,Jae'Sean Tate,Forward,8,30,76.0,230.0,5.0,Active,https://a.espncdn.com/i/headshots/nba/players/full/3136777.png
10,Houston Rockets,HOU,4684740,Amen Thompson,Guard,1,23,79.0,200.0,2.0,Active,https://a.espncdn.com/i/headshots/nba/players/full/4684740.png
10,Houston Rockets,HOU,2991230,Fred VanVleet,Guard,5,32,72.0,197.0,9.0,Active,https://a.espncdn.com/i/headshots/nba/players/full/2991230.png
11,Indiana Pacers,IND,4431752,Kobe Brown,Guard,24,26,79.0,250.0,2.0,Active,https://a.espncdn.com/i/headshots/nba/players/full/4431752.png
11,Indiana Pacers,IND,5157066,Johnny Furphy,Guard,12,21,80.0,200.0,1.0,Active,https://a.espncdn.com/i/headshots/nba/players/full/5157066.png
11,Indiana Pacers,IND,4396993,Tyrese Haliburton,Guard,0,26,77.0,185.0,5.0,Active,https://a.espncdn.com/i/headshots/nba/players/full/4396993.png
11,Indiana Pacers,IND,4065731,Jay Huff,Center,32,28,85.0,240.0,4.0,Active,https://a.espncdn.com/i/headshots/nba/players/full/4065731.png
11,Indiana Pacers,IND,4592829,Quenton Jackson,Guard,29,27,76.0,173.0,3.0,Active,https://a.espncdn.com/i/headshots/nba/players/full/4592829.png
11,Indiana Pacers,IND,4697268,Kam Jones,Guard,7,24,76.0,200.0,0.0,Active,https://a.espncdn.com/i/headshots/nba/players/full/4697268.png
11,Indiana Pacers,IND,2530530,T.J. McConnell,Guard,9,34,73.0,190.0,10.0,Active,https://a.espncdn.com/i/headshots/nba/players/full/2530530.png
11,Indiana Pacers,IND,4395712,Andrew Nembhard,Guard,2,26,76.0,191.0,3.0,Active,https://a.espncdn.com/i/headshots/nba/players/full/4395712.png
11,Indiana Pacers,IND,4396909,Aaron Nesmith,Guard,23,26,77.0,215.0,5.0,Active,https://a.espncdn.com/i/headshots/nba/players/full/4396909.png
11,Indiana Pacers,IND,4703421,Taelon Peter,Guard,4,24,75.0,185.0,0.0,Active,https://a.espncdn.com/i/headshots/nba/players/full/4703421.png
11,Indiana Pacers,IND,4066399,Micah Potter,Center,11,28,81.0,248.0,4.0,Active,https://a.espncdn.com/i/headshots/nba/players/full/4066399.png
11,Indiana Pacers,IND,4433076,Ben Sheppard,Guard,26,24,78.0,190.0,2.0,Active,https://a.espncdn.com/i/headshots/nba/players/full/4433076.png
11,Indiana Pacers,IND,3149673,Pascal Siakam,Forward,43,32,80.0,245.0,9.0,Active,https://a.espncdn.com/i/headshots/nba/players/full/3149673.png
11,Indiana Pacers,IND,4398207,Jalen Slawson,Forward,18,26,79.0,215.0,1.0,Active,https://a.espncdn.com/i/headshots/nba/players/full/4398207.png
11,Indiana Pacers,IND,4278516,Ethan Thompson,Guard,55,27,77.0,195.0,0.0,Active,https://a.espncdn.com/i/headshots/nba/players/full/4278516.png
11,Indiana Pacers,IND,4278355,Obi Toppin,Forward,1,28,81.0,220.0,5.0,Active,https://a.espncdn.com/i/headshots/nba/players/full/4278355.png
11,Indiana Pacers,IND,5106060,Jarace Walker,Forward,5,22,79.0,235.0,2.0,Active,https://a.espncdn.com/i/headshots/nba/players/full/5106060.png
11,Indiana Pacers,IND,4017837,Ivica Zubac,Center,40,29,84.0,240.0,9.0,Active,https://a.espncdn.com/i/headshots/nba/players/full/4017837.png
12,LA Clippers,LAC,3416,Nicolas Batum,Forward,33,37,79.0,230.0,17.0,Active,https://a.espncdn.com/i/headshots/nba/players/full/3416.png
12,LA Clippers,LAC,6580,Bradley Beal,Guard,0,32,76.0,207.0,13.0,Active,https://a.espncdn.com/i/headshots/nba/players/full/6580.png
12,LA Clippers,LAC,3037789,Bogdan Bogdanovic,Guard,7,33,77.0,225.0,8.0,Active,https://a.espncdn.com/i/headshots/nba/players/full/3037789.png
12,LA Clippers,LAC,4845363,Cam Christie,Guard,12,20,77.0,190.0,1.0,Active,https://a.espncdn.com/i/headshots/nba/players/full/4845363.png
12,LA Clippers,LAC,3908845,John Collins,Forward,20,28,81.0,226.0,8.0,Active,https://a.espncdn.com/i/headshots/nba/players/full/3908845.png
12,LA Clippers,LAC,2991139,Kris Dunn,Guard,8,32,75.0,205.0,9.0,Active,https://a.espncdn.com/i/headshots/nba/players/full/2991139.png
12,LA Clippers,LAC,4396907,Darius Garland,Guard,10,26,73.0,192.0,6.0,Active,https://a.espncdn.com/i/headshots/nba/players/full/4396907.png
12,LA Clippers,LAC,4432170,Isaiah Jackson,Forward,23,24,80.0,205.0,4.0,Active,https://a.espncdn.com/i/headshots/nba/players/full/4432170.png
12,LA Clippers,LAC,3936099,Derrick Jones Jr.,Forward,5,29,78.0,210.0,9.0,Active,https://a.espncdn.com/i/headshots/nba/players/full/3936099.png
12,LA Clippers,LAC,6450,Kawhi Leonard,Forward,2,34,78.0,225.0,14.0,Active,https://a.espncdn.com/i/headshots/nba/players/full/6450.png
12,LA Clippers,LAC,3448,Brook Lopez,Center,11,38,85.0,282.0,17.0,Active,https://a.espncdn.com/i/headshots/nba/players/full/3448.png
12,LA Clippers,LAC,4683634,Bennedict Mathurin,Guard,9,23,77.0,210.0,3.0,Active,https://a.espncdn.com/i/headshots/nba/players/full/4683634.png
12,LA Clippers,LAC,4396818,Jordan Miller,Guard,22,26,77.0,194.0,2.0,Active,https://a.espncdn.com/i/headshots/nba/players/full/4396818.png
12,LA Clippers,LAC,5108024,Yanic Konan Niederhauser,Center,14,23,83.0,242.0,0.0,Active,https://a.espncdn.com/i/headshots/nba/players/full/5108024.png
12,LA Clippers,LAC,4702134,Norchad Omier,Forward,55,24,77.0,248.0,0.0,Active,
12,LA Clippers,LAC,4709131,Sean Pedulla,Guard,00,23,73.0,195.0,0.0,Active,
12,LA Clippers,LAC,4702352,Kobe Sanders,Guard,4,24,80.0,207.0,0.0,Active,https://a.espncdn.com/i/headshots/nba/players/full/4702352.png
12,LA Clippers,LAC,4683749,TyTy Washington Jr.,Guard,15,24,75.0,195.0,3.0,Active,https://a.espncdn.com/i/headshots/nba/players/full/4683749.png
13,Los Angeles Lakers,LAL,4278129,Deandre Ayton,Center,5,27,84.0,252.0,7.0,Active,https://a.espncdn.com/i/headshots/nba/players/full/4278129.png
13,Los Angeles Lakers,LAL,3945274,Luka Doncic,Guard,77,27,80.0,230.0,7.0,Active,https://a.espncdn.com/i/headshots/nba/players/full/3945274.png
13,Los Angeles Lakers,LAL,4066648,Rui Hachimura,Forward,28,28,80.0,230.0,6.0,Active,https://a.espncdn.com/i/headshots/nba/players/full/4066648.png
13,Los Angeles Lakers,LAL,4397077,Jaxson Hayes,Center,11,26,84.0,220.0,6.0,Active,https://a.espncdn.com/i/headshots/nba/players/full/4397077.png
13,Los Angeles Lakers,LAL,4683774,Bronny James,Guard,9,21,74.0,210.0,1.0,Active,https://a.espncdn.com/i/headshots/nba/players/full/4683774.png
13,Los Angeles Lakers,LAL,1966,LeBron James,Forward,23,41,81.0,250.0,22.0,Active,https://a.espncdn.com/i/headshots/nba/players/full/1966.png
13,Los Angeles Lakers,LAL,3913174,Luke Kennard,Guard,10,29,77.0,206.0,8.0,Active,https://a.espncdn.com/i/headshots/nba/players/full/3913174.png
13,Los Angeles Lakers,LAL,2960236,Maxi Kleber,Forward,14,34,82.0,240.0,8.0,Active,https://a.espncdn.com/i/headshots/nba/players/full/2960236.png
13,Los Angeles Lakers,LAL,4897943,Dalton Knecht,Forward,4,25,78.0,215.0,1.0,Active,https://a.espncdn.com/i/headshots/nba/players/full/4897943.png
13,Los Angeles Lakers,LAL,4592691,Jake LaRavia,Forward,12,24,79.0,235.0,3.0,Active,https://a.espncdn.com/i/headshots/nba/players/full/4592691.png
13,Los Angeles Lakers,LAL,4702972,Chris Manon,Guard,30,24,76.0,209.0,0.0,Active,https://a.espncdn.com/i/headshots/nba/players/full/4702972.png
13,Los Angeles Lakers,LAL,4066457,Austin Reaves,Guard,15,28,77.0,197.0,4.0,Active,https://a.espncdn.com/i/headshots/nba/players/full/4066457.png
13,Los Angeles Lakers,LAL,2990992,Marcus Smart,Guard,36,32,75.0,220.0,11.0,Active,https://a.espncdn.com/i/headshots/nba/players/full/2990992.png
13,Los Angeles Lakers,LAL,4683686,Nick Smith Jr.,Guard,20,22,74.0,185.0,2.0,Active,https://a.espncdn.com/i/headshots/nba/players/full/4683686.png
13,Los Angeles Lakers,LAL,5060631,Adou Thiero,Forward,1,22,80.0,220.0,0.0,Active,https://a.espncdn.com/i/headshots/nba/players/full/5060631.png
13,Los Angeles Lakers,LAL,4431695,Drew Timme,Forward,17,25,82.0,235.0,1.0,Active,https://a.espncdn.com/i/headshots/nba/players/full/4431695.png
13,Los Angeles Lakers,LAL,4278077,Jarred Vanderbilt,Forward,2,27,80.0,214.0,7.0,Active,https://a.espncdn.com/i/headshots/nba/players/full/4278077.png
29,Memphis Grizzlies,MEM,4593125,Santi Aldama,Forward,7,25,84.0,215.0,4.0,Active,https://a.espncdn.com/i/headshots/nba/players/full/4593125.png
29,Memphis Grizzlies,MEM,4896365,Adama Bal,Guard,72,22,79.0,200.0,0.0,Active,
29,Memphis Grizzlies,MEM,2581018,Kentavious Caldwell-Pope,Guard,3,33,77.0,204.0,12.0,Active,https://a.espncdn.com/i/headshots/nba/players/full/2581018.png
29,Memphis Grizzlies,MEM,4896372,Walter Clayton Jr.,Guard,4,23,76.0,195.0,0.0,Active,https://a.espncdn.com/i/headshots/nba/players/full/4896372.png
29,Memphis Grizzlies,MEM,4903027,Cedric Coward,Forward,23,22,77.0,206.0,0.0,Active,https://a.espncdn.com/i/headshots/nba/players/full/4903027.png
29,Memphis Grizzlies,MEM,4600663,Zach Edey,Center,14,24,87.0,305.0,1.0,Active,https://a.espncdn.com/i/headshots/nba/players/full/4600663.png
29,Memphis Grizzlies,MEM,3986,Taj Gibson,Forward,67,40,81.0,232.0,16.0,Active,https://a.espncdn.com/i/headshots/nba/players/full/3986.png
29,Memphis Grizzlies,MEM,4684806,Taylor Hendricks,Forward,22,22,81.0,215.0,2.0,Active,https://a.espncdn.com/i/headshots/nba/players/full/4684806.png
29,Memphis Grizzlies,MEM,5105550,GG Jackson,Forward,45,21,81.0,210.0,2.0,Active,https://a.espncdn.com/i/headshots/nba/players/full/5105550.png
29,Memphis Grizzlies,MEM,4065733,Ty Jerome,Guard,2,28,77.0,195.0,6.0,Active,https://a.espncdn.com/i/headshots/nba/players/full/4065733.png
29,Memphis Grizzlies,MEM,4683934,Jahmai Mashack,Guard,21,23,75.0,197.0,0.0,Active,https://a.espncdn.com/i/headshots/nba/players/full/4683934.png
29,Memphis Grizzlies,MEM,4279888,Ja Morant,Guard,12,26,74.0,174.0,6.0,Active,https://a.espncdn.com/i/headshots/nba/players/full/4279888.png
29,Memphis Grizzlies,MEM,4700873,Toby Okani,Forward,5,24,80.0,210.0,0.0,Active,
29,Memphis Grizzlies,MEM,4431785,Scotty Pippen Jr.,Guard,1,25,74.0,170.0,3.0,Active,https://a.espncdn.com/i/headshots/nba/players/full/4431785.png
29,Memphis Grizzlies,MEM,4595400,Olivier-Maxence Prosper,Forward,18,23,79.0,230.0,2.0,Active,https://a.espncdn.com/i/headshots/nba/players/full/4595400.png
29,Memphis Grizzlies,MEM,5099752,Rayan Rupert,Guard,21,22,79.0,205.0,2.0,Active,https://a.espncdn.com/i/headshots/nba/players/full/5099752.png
29,Memphis Grizzlies,MEM,4781746,Javon Small,Guard,10,23,73.0,190.0,0.0,Active,https://a.espncdn.com/i/headshots/nba/players/full/4781746.png
29,Memphis Grizzlies,MEM,4433083,Cam Spencer,Guard,24,26,75.0,205.0,1.0,Active,https://a.espncdn.com/i/headshots/nba/players/full/4433083.png
29,Memphis Grizzlies,MEM,5112087,Jaylen Wells,Forward,0,22,79.0,206.0,1.0,Active,https://a.espncdn.com/i/headshots/nba/players/full/5112087.png
29,Memphis Grizzlies,MEM,4432735,Dariq Whitehead,Forward,0,21,78.0,220.0,1.0,Active,https://a.espncdn.com/i/headshots/nba/players/full/4432735.png
29,Memphis Grizzlies,MEM,4279147,Lucas Williamson,Guard,55,27,76.0,205.0,0.0,Active,
14,Miami Heat,MIA,4066261,Bam Adebayo,Center,13,28,81.0,260.0,8.0,Active,https://a.espncdn.com/i/headshots/nba/players/full/4066261.png
14,Miami Heat,MIA,3899664,Simone Fontecchio,Forward,0,30,79.0,220.0,3.0,Active,https://a.espncdn.com/i/headshots/nba/players/full/3899664.png
14,Miami Heat,MIA,4431772,Myron Gardner,Forward,15,25,77.0,225.0,0.0,Active,https://a.espncdn.com/i/headshots/nba/players/full/4431772.png
14,Miami Heat,MIA,4700818,Vladislav Goldin,Center,50,25,84.0,255.0,0.0,Active,https://a.espncdn.com/i/headshots/nba/players/full/4700818.png
14,Miami Heat,MIA,4395725,Tyler Herro,Guard,14,26,77.0,205.0,6.0,Active,https://a.espncdn.com/i/headshots/nba/players/full/4395725.png
14,Miami Heat,MIA,5214640,Kasparas Jakucionis,Guard,25,20,77.0,205.0,0.0,Active,https://a.espncdn.com/i/headshots/nba/players/full/5214640.png
14,Miami Heat,MIA,4432848,Jaime Jaquez Jr.,Forward,11,25,78.0,230.0,2.0,Active,https://a.espncdn.com/i/headshots/nba/players/full/4432848.png
14,Miami Heat,MIA,4431786,Keshad Johnson,Forward,16,24,78.0,230.0,1.0,Active,https://a.espncdn.com/i/headshots/nba/players/full/4431786.png
14,Miami Heat,MIA,4997528,Nikola Jovic,Forward,5,22,82.0,240.0,3.0,Active,https://a.espncdn.com/i/headshots/nba/players/full/4997528.png
14,Miami Heat,MIA,4432645,Trevor Keels,Guard,8,22,76.0,221.0,1.0,Active,https://a.espncdn.com/i/headshots/nba/players/full/4432645.png
14,Miami Heat,MIA,4601025,Pelle Larsson,Guard,9,25,77.0,215.0,1.0,Active,https://a.espncdn.com/i/headshots/nba/players/full/4601025.png
14,Miami Heat,MIA,4278053,Davion Mitchell,Guard,45,27,72.0,210.0,4.0,Active,https://a.espncdn.com/i/headshots/nba/players/full/4278053.png
14,Miami Heat,MIA,2595516,Norman Powell,Guard,24,33,76.0,215.0,10.0,Active,https://a.espncdn.com/i/headshots/nba/players/full/2595516.png
14,Miami Heat,MIA,4066993,Dru Smith,Guard,12,28,74.0,200.0,3.0,Active,https://a.espncdn.com/i/headshots/nba/players/full/4066993.png
14,Miami Heat,MIA,5105623,Kel'el Ware,Center,7,22,84.0,250.0,1.0,Active,https://a.espncdn.com/i/headshots/nba/players/full/5105623.png
14,Miami Heat,MIA,3059319,Andrew Wiggins,Forward,22,31,79.0,210.0,11.0,Active,https://a.espncdn.com/i/headshots/nba/players/full/3059319.png
14,Miami Heat,MIA,4433133,Jahmir Young,Guard,17,25,72.0,185.0,1.0,Active,https://a.espncdn.com/i/headshots/nba/players/full/4433133.png
15,Milwaukee Bucks,MIL,4432452,Alex Antetokounmpo,Forward,29,24,80.0,214.0,0.0,Active,
15,Milwaukee Bucks,MIL,3032977,Giannis Antetokounmpo,Forward,34,31,83.0,243.0,12.0,Active,https://a.espncdn.com/i/headshots/nba/players/full/3032977.png
15,Milwaukee Bucks,MIL,3102533,Thanasis Antetokounmpo,Forward,43,33,79.0,219.0,6.0,Active,https://a.espncdn.com/i/headshots/nba/players/full/3102533.png
15,Milwaukee Bucks,MIL,4997526,Ousmane Dieng,Forward,21,23,81.0,185.0,3.0,Active,https://a.espncdn.com/i/headshots/nba/players/full/4997526.png
15,Milwaukee Bucks,MIL,4397475,AJ Green,Guard,20,26,76.0,190.0,3.0,Active,https://a.espncdn.com/i/headshots/nba/players/full/4397475.png
15,Milwaukee Bucks,MIL,2999547,Gary Harris,Guard,11,31,76.0,210.0,11.0,Active,https://a.espncdn.com/i/headshots/nba/players/full/2999547.png
15,Milwaukee Bucks,MIL,4432190,Andre Jackson Jr.,Guard,44,24,78.0,209.0,2.0,Active,https://a.espncdn.com/i/headshots/nba/players/full/4432190.png
15,Milwaukee Bucks,MIL,3134907,Kyle Kuzma,Forward,18,30,80.0,221.0,8.0,Active,https://a.espncdn.com/i/headshots/nba/players/full/3134907.png
15,Milwaukee Bucks,MIL,4397233,Pete Nance,Forward,35,26,81.0,225.0,2.0,Active,https://a.espncdn.com/i/headshots/nba/players/full/4397233.png
15,Milwaukee Bucks,MIL,4397140,Kevin Porter Jr.,Guard,7,26,77.0,203.0,5.0,Active,https://a.espncdn.com/i/headshots/nba/players/full/4397140.png
15,Milwaukee Bucks,MIL,3064482,Bobby Portis,Forward,9,31,81.0,250.0,10.0,Active,https://a.espncdn.com/i/headshots/nba/players/full/3064482.png
15,Milwaukee Bucks,MIL,2990962,Taurean Prince,Forward,12,32,78.0,218.0,9.0,Active,https://a.espncdn.com/i/headshots/nba/players/full/2990962.png
15,Milwaukee Bucks,MIL,4591725,Ryan Rollins,Guard,13,23,75.0,180.0,3.0,Active,https://a.espncdn.com/i/headshots/nba/players/full/4591725.png
15,Milwaukee Bucks,MIL,4397114,Cormac Ryan,Guard,30,27,77.0,195.0,0.0,Active,https://a.espncdn.com/i/headshots/nba/players/full/4397114.png
15,Milwaukee Bucks,MIL,4277922,Jericho Sims,Center,00,27,82.0,250.0,4.0,Active,https://a.espncdn.com/i/headshots/nba/players/full/4277922.png
15,Milwaukee Bucks,MIL,4277843,Gary Trent Jr.,Guard,5,27,77.0,204.0,7.0,Active,https://a.espncdn.com/i/headshots/nba/players/full/4277843.png
15,Milwaukee Bucks,MIL,3133628,Myles Turner,Center,3,30,83.0,250.0,10.0,Active,https://a.espncdn.com/i/headshots/nba/players/full/3133628.png
16,Minnesota Timberwolves,MIN,2993874,Kyle Anderson,Forward,12,32,80.0,230.0,11.0,Active,https://a.espncdn.com/i/headshots/nba/players/full/2993874.png
16,Minnesota Timberwolves,MIN,5279133,Joan Beringer,Forward,19,19,83.0,230.0,0.0,Active,https://a.espncdn.com/i/headshots/nba/players/full/5279133.png
16,Minnesota Timberwolves,MIN,4432247,Jaylen Clark,Guard,22,24,77.0,205.0,1.0,Active,https://a.espncdn.com/i/headshots/nba/players/full/4432247.png
16,Minnesota Timberwolves,MIN,3195,Mike Conley,Guard,10,38,73.0,175.0,18.0,Active,https://a.espncdn.com/i/headshots/nba/players/full/3195.png
16,Minnesota Timberwolves,MIN,3934673,Donte DiVincenzo,Guard,0,29,76.0,203.0,7.0,Active,https://a.espncdn.com/i/headshots/nba/players/full/3934673.png
16,Minnesota Timberwolves,MIN,4397002,Ayo Dosunmu,Guard,13,26,76.0,200.0,4.0,Active,https://a.espncdn.com/i/headshots/nba/players/full/4397002.png
16,Minnesota Timberwolves,MIN,4594268,Anthony Edwards,Guard,5,24,76.0,225.0,5.0,Active,https://a.espncdn.com/i/headshots/nba/players/full/4594268.png
16,Minnesota Timberwolves,MIN,4592699,Enrique Freeman,Forward,25,25,81.0,220.0,1.0,Active,https://a.espncdn.com/i/headshots/nba/players/full/4592699.png
16,Minnesota Timberwolves,MIN,3032976,Rudy Gobert,Center,27,33,85.0,258.0,12.0,Active,https://a.espncdn.com/i/headshots/nba/players/full/3032976.png
16,Minnesota Timberwolves,MIN,4592492,Bones Hyland,Guard,8,25,74.0,169.0,4.0,Active,https://a.espncdn.com/i/headshots/nba/players/full/4592492.png
16,Minnesota Timberwolves,MIN,2968436,Joe Ingles,Forward,7,38,80.0,220.0,11.0,Active,https://a.espncdn.com/i/headshots/nba/players/full/2968436.png
16,Minnesota Timberwolves,MIN,4431671,Jaden McDaniels,Forward,3,25,81.0,185.0,5.0,Active,https://a.espncdn.com/i/headshots/nba/players/full/4431671.png
16,Minnesota Timberwolves,MIN,5105553,Julian Phillips,Forward,4,22,78.0,198.0,2.0,Active,https://a.espncdn.com/i/headshots/nba/players/full/5105553.png
16,Minnesota Timberwolves,MIN,4592979,Zyon Pullin,Guard,15,25,76.0,206.0,1.0,Active,https://a.espncdn.com/i/headshots/nba/players/full/4592979.png
16,Minnesota Timberwolves,MIN,3064514,Julius Randle,Forward,30,31,81.0,250.0,11.0,Active,https://a.espncdn.com/i/headshots/nba/players/full/3064514.png
16,Minnesota Timberwolves,MIN,4396971,Naz Reid,Center,11,26,81.0,264.0,6.0,Active,https://a.espncdn.com/i/headshots/nba/players/full/4396971.png
16,Minnesota Timberwolves,MIN,4432847,Terrence Shannon Jr.,Guard,1,25,78.0,215.0,1.0,Active,https://a.espncdn.com/i/headshots/nba/players/full/4432847.png
16,Minnesota Timberwolves,MIN,5157587,Rocco Zikarsky,Center,44,19,87.0,227.0,0.0,Active,https://a.espncdn.com/i/headshots/nba/players/full/5157587.png
3,New Orleans Pelicans,NO,4433268,Trey Alexander,Guard,23,23,77.0,185.0,1.0,Active,https://a.espncdn.com/i/headshots/nba/players/full/4433268.png
3,New Orleans Pelicans,NO,4397136,Saddiq Bey,Guard,41,27,80.0,215.0,5.0,Active,https://a.espncdn.com/i/headshots/nba/players/full/4397136.png
3,New Orleans Pelicans,NO,4432180,Hunter Dickinson,Center,4,25,85.0,255.0,0.0,Active,https://a.espncdn.com/i/headshots/nba/players/full/4432180.png
3,New Orleans Pelicans,NO,5144091,Jeremiah Fears,Guard,0,19,75.0,190.0,0.0,Active,https://a.espncdn.com/i/headshots/nba/players/full/5144091.png
3,New Orleans Pelicans,NO,4683750,Jordan Hawkins,Guard,24,24,77.0,190.0,2.0,Active,https://a.espncdn.com/i/headshots/nba/players/full/4683750.png
3,New Orleans Pelicans,NO,4277813,Herbert Jones,Forward,2,27,79.0,206.0,4.0,Active,https://a.espncdn.com/i/headshots/nba/players/full/4277813.png
3,New Orleans Pelicans,NO,3442,DeAndre Jordan,Center,6,37,83.0,265.0,17.0,Active,https://a.espncdn.com/i/headshots/nba/players/full/3442.png
3,New Orleans Pelicans,NO,3155535,Kevon Looney,Forward,55,30,81.0,222.0,10.0,Active,https://a.espncdn.com/i/headshots/nba/players/full/3155535.png
3,New Orleans Pelicans,NO,4997538,Karlo Matkovic,Forward,17,25,82.0,231.0,1.0,Active,https://a.espncdn.com/i/headshots/nba/players/full/4997538.png
3,New Orleans Pelicans,NO,4576086,Bryce McGowens,Guard,11,23,78.0,190.0,3.0,Active,https://a.espncdn.com/i/headshots/nba/players/full/4576086.png
3,New Orleans Pelicans,NO,5061589,Yves Missi,Center,21,22,83.0,235.0,1.0,Active,https://a.espncdn.com/i/headshots/nba/players/full/5061589.png
3,New Orleans Pelicans,NO,4397688,Trey Murphy III,Forward,25,25,80.0,206.0,4.0,Active,https://a.espncdn.com/i/headshots/nba/players/full/4397688.png
3,New Orleans Pelicans,NO,3907497,Dejounte Murray,Guard,5,29,76.0,180.0,9.0,Active,https://a.espncdn.com/i/headshots/nba/players/full/3907497.png
3,New Orleans Pelicans,NO,4432068,Josh Oduro,Center,13,25,81.0,240.0,0.0,Active,
3,New Orleans Pelicans,NO,4432185,Micah Peavy,Guard,14,24,79.0,220.0,0.0,Active,https://a.espncdn.com/i/headshots/nba/players/full/4432185.png
3,New Orleans Pelicans,NO,4277956,Jordan Poole,Guard,3,26,76.0,194.0,6.0,Active,https://a.espncdn.com/i/headshots/nba/players/full/4277956.png
3,New Orleans Pelicans,NO,4869780,Derik Queen,Center,22,21,81.0,250.0,0.0,Active,https://a.espncdn.com/i/headshots/nba/players/full/4869780.png
3,New Orleans Pelicans,NO,4395628,Zion Williamson,Forward,1,25,78.0,284.0,6.0,Active,https://a.espncdn.com/i/headshots/nba/players/full/4395628.png
18,New York Knicks,NY,4277869,Jose Alvarado,Guard,5,28,72.0,179.0,4.0,Active,https://a.espncdn.com/i/headshots/nba/players/full/4277869.png
18,New York Knicks,NY,3934719,OG Anunoby,Forward,8,28,79.0,240.0,8.0,Active,https://a.espncdn.com/i/headshots/nba/players/full/3934719.png
18,New York Knicks,NY,3147657,Mikal Bridges,Guard,25,29,78.0,209.0,7.0,Active,https://a.espncdn.com/i/headshots/nba/players/full/3147657.png
18,New York Knicks,NY,3934672,Jalen Brunson,Guard,11,29,74.0,190.0,7.0,Active,https://a.espncdn.com/i/headshots/nba/players/full/3934672.png
18,New York Knicks,NY,2528426,Jordan Clarkson,Guard,00,33,77.0,194.0,11.0,Active,https://a.espncdn.com/i/headshots/nba/players/full/2528426.png
18,New York Knicks,NY,5211983,Pacome Dadiet,Forward,4,20,81.0,210.0,1.0,Active,https://a.espncdn.com/i/headshots/nba/players/full/5211983.png
18,New York Knicks,NY,5289900,Mohamed Diawara,Forward,51,21,81.0,225.0,0.0,Active,https://a.espncdn.com/i/headshots/nba/players/full/5289900.png
18,New York Knicks,NY,3062679,Josh Hart,Guard,3,31,77.0,215.0,8.0,Active,https://a.espncdn.com/i/headshots/nba/players/full/3062679.png
18,New York Knicks,NY,4871141,Ariel Hukporti,Center,55,24,84.0,246.0,1.0,Active,https://a.espncdn.com/i/headshots/nba/players/full/4871141.png
18,New York Knicks,NY,4395623,Trey Jemison III,Forward,50,26,82.0,270.0,2.0,Active,https://a.espncdn.com/i/headshots/nba/players/full/4395623.png
18,New York Knicks,NY,4702159,Dillon Jones,Forward,33,24,77.0,235.0,1.0,Active,https://a.espncdn.com/i/headshots/nba/players/full/4702159.png
18,New York Knicks,NY,4433225,Tyler Kolek,Guard,13,25,74.0,195.0,1.0,Active,https://a.espncdn.com/i/headshots/nba/players/full/4433225.png
18,New York Knicks,NY,4431823,Miles McBride,Guard,2,25,74.0,195.0,4.0,Active,https://a.espncdn.com/i/headshots/nba/players/full/4431823.png
18,New York Knicks,NY,4411057,Kevin McCullar Jr.,Guard,9,25,78.0,210.0,1.0,Active,https://a.espncdn.com/i/headshots/nba/players/full/4411057.png
18,New York Knicks,NY,4351852,Mitchell Robinson,Center,23,28,84.0,240.0,7.0,Active,https://a.espncdn.com/i/headshots/nba/players/full/4351852.png
18,New York Knicks,NY,3914044,Landry Shamet,Guard,44,29,77.0,190.0,7.0,Active,https://a.espncdn.com/i/headshots/nba/players/full/3914044.png
18,New York Knicks,NY,4610139,Jeremy Sochan,Forward,20,23,80.0,230.0,3.0,Active,https://a.espncdn.com/i/headshots/nba/players/full/4610139.png
18,New York Knicks,NY,3136195,Karl-Anthony Towns,Center,32,30,84.0,248.0,10.0,Active,https://a.espncdn.com/i/headshots/nba/players/full/3136195.png
25,Oklahoma City Thunder,OKC,4684208,Brooks Barnhizer,Forward,23,24,78.0,230.0,0.0,Active,https://a.espncdn.com/i/headshots/nba/players/full/4684208.png
25,Oklahoma City Thunder,OKC,4592435,Branden Carlson,Center,15,26,84.0,220.0,1.0,Active,https://a.espncdn.com/i/headshots/nba/players/full/4592435.png
25,Oklahoma City Thunder,OKC,2991350,Alex Caruso,Guard,9,32,77.0,186.0,8.0,Active,https://a.espncdn.com/i/headshots/nba/players/full/2991350.png
25,Oklahoma City Thunder,OKC,4397020,Luguentz Dort,Guard,5,27,76.0,220.0,6.0,Active,https://a.espncdn.com/i/headshots/nba/players/full/4397020.png
25,Oklahoma City Thunder,OKC,4278073,Shai Gilgeous-Alexander,Guard,2,27,78.0,195.0,7.0,Active,https://a.espncdn.com/i/headshots/nba/players/full/4278073.png
25,Oklahoma City Thunder,OKC,4222252,Isaiah Hartenstein,Center,55,28,84.0,250.0,7.0,Active,https://a.espncdn.com/i/headshots/nba/players/full/4222252.png
25,Oklahoma City Thunder,OKC,4433255,Chet Holmgren,Center,7,24,85.0,208.0,2.0,Active,https://a.espncdn.com/i/headshots/nba/players/full/4433255.png
25,Oklahoma City Thunder,OKC,4395702,Isaiah Joe,Guard,11,26,76.0,165.0,5.0,Active,https://a.espncdn.com/i/headshots/nba/players/full/4395702.png
25,Oklahoma City Thunder,OKC,4683778,Jared McCain,Guard,3,22,75.0,195.0,1.0,Active,https://a.espncdn.com/i/headshots/nba/players/full/4683778.png
25,Oklahoma City Thunder,OKC,4900671,Ajay Mitchell,Guard,25,23,76.0,190.0,1.0,Active,https://a.espncdn.com/i/headshots/nba/players/full/4900671.png
25,Oklahoma City Thunder,OKC,4697270,Payton Sandfort,Forward,14,23,80.0,215.0,0.0,Active,
25,Oklahoma City Thunder,OKC,5061603,Thomas Sorber,Center,12,20,81.0,250.0,0.0,Active,https://a.espncdn.com/i/headshots/nba/players/full/5061603.png
25,Oklahoma City Thunder,OKC,5159925,Nikola Topic,Guard,44,20,78.0,200.0,0.0,Active,https://a.espncdn.com/i/headshots/nba/players/full/5159925.png
25,Oklahoma City Thunder,OKC,4683692,Cason Wallace,Guard,22,22,75.0,195.0,2.0,Active,https://a.espncdn.com/i/headshots/nba/players/full/4683692.png
25,Oklahoma City Thunder,OKC,4397183,Aaron Wiggins,Guard,21,27,77.0,190.0,4.0,Active,https://a.espncdn.com/i/headshots/nba/players/full/4397183.png
25,Oklahoma City Thunder,OKC,4593803,Jalen Williams,Guard,8,25,77.0,211.0,3.0,Active,https://a.espncdn.com/i/headshots/nba/players/full/4593803.png
25,Oklahoma City Thunder,OKC,4432823,Jaylin Williams,Forward,6,23,81.0,240.0,3.0,Active,https://a.espncdn.com/i/headshots/nba/players/full/4432823.png
25,Oklahoma City Thunder,OKC,3133626,Kenrich Williams,Guard,34,31,79.0,210.0,7.0,Active,https://a.espncdn.com/i/headshots/nba/players/full/3133626.png
19,Orlando Magic,ORL,4432573,Paolo Banchero,Forward,5,23,82.0,250.0,3.0,Active,https://a.espncdn.com/i/headshots/nba/players/full/4432573.png
19,Orlando Magic,ORL,4066320,Desmond Bane,Guard,3,27,78.0,215.0,5.0,Active,https://a.espncdn.com/i/headshots/nba/players/full/4066320.png
19,Orlando Magic,ORL,4348700,Goga Bitadze,Center,35,26,83.0,250.0,6.0,Active,https://a.espncdn.com/i/headshots/nba/players/full/4348700.png
19,Orlando Magic,ORL,4712849,Anthony Black,Guard,0,22,79.0,200.0,2.0,Active,https://a.espncdn.com/i/headshots/nba/players/full/4712849.png
19,Orlando Magic,ORL,4278572,Jamal Cain,Forward,8,27,79.0,191.0,3.0,Active,https://a.espncdn.com/i/headshots/nba/players/full/4278572.png
19,Orlando Magic,ORL,3133635,Jevon Carter,Guard,2,30,72.0,200.0,7.0,Active,https://a.espncdn.com/i/headshots/nba/players/full/3133635.png
19,Orlando Magic,ORL,4277847,Wendell Carter Jr.,Center,34,27,82.0,270.0,7.0,Active,https://a.espncdn.com/i/headshots/nba/players/full/4277847.png
19,Orlando Magic,ORL,4397204,Colin Castleton,Center,14,26,82.0,250.0,2.0,Active,https://a.espncdn.com/i/headshots/nba/players/full/4397204.png
19,Orlando Magic,ORL,4702382,Tristan da Silva,Forward,23,25,80.0,217.0,1.0,Active,https://a.espncdn.com/i/headshots/nba/players/full/4702382.png
19,Orlando Magic,ORL,5105806,Jett Howard,Guard,13,22,80.0,215.0,2.0,Active,https://a.espncdn.com/i/headshots/nba/players/full/5105806.png
19,Orlando Magic,ORL,4065654,Jonathan Isaac,Forward,1,28,82.0,230.0,8.0,Active,https://a.espncdn.com/i/headshots/nba/players/full/4065654.png
19,Orlando Magic,ORL,4593034,Alex Morales,Guard,30,28,78.0,180.0,0.0,Active,https://a.espncdn.com/i/headshots/nba/players/full/4593034.png
19,Orlando Magic,ORL,5214637,Noah Penda,Forward,93,21,79.0,215.0,0.0,Active,https://a.espncdn.com/i/headshots/nba/players/full/5214637.png
19,Orlando Magic,ORL,5239561,Jase Richardson,Guard,11,20,73.0,180.0,0.0,Active,https://a.espncdn.com/i/headshots/nba/players/full/5239561.png
19,Orlando Magic,ORL,4432165,Jalen Suggs,Guard,4,24,77.0,205.0,4.0,Active,https://a.espncdn.com/i/headshots/nba/players/full/4432165.png
19,Orlando Magic,ORL,4566434,Franz Wagner,Forward,22,24,82.0,220.0,4.0,Active,https://a.espncdn.com/i/headshots/nba/players/full/4566434.png
19,Orlando Magic,ORL,3150844,Moritz Wagner,Forward,21,29,83.0,245.0,7.0,Active,https://a.espncdn.com/i/headshots/nba/players/full/3150844.png
20,Philadelphia 76ers,PHI,4870562,Dominick Barlow,Forward,25,23,81.0,215.0,3.0,Active,https://a.espncdn.com/i/headshots/nba/players/full/4870562.png
20,Philadelphia 76ers,PHI,4432179,MarJon Beauchamp,Forward,16,25,79.0,199.0,3.0,Active,https://a.espncdn.com/i/headshots/nba/players/full/4432179.png
20,Philadelphia 76ers,PHI,5105637,Adem Bona,Center,30,23,82.0,235.0,1.0,Active,https://a.espncdn.com/i/headshots/nba/players/full/5105637.png
20,Philadelphia 76ers,PHI,4433569,Johni Broome,Forward,22,23,82.0,235.0,0.0,Active,https://a.espncdn.com/i/headshots/nba/players/full/4433569.png
20,Philadelphia 76ers,PHI,6585,Andre Drummond,Center,1,32,83.0,279.0,13.0,Active,https://a.espncdn.com/i/headshots/nba/players/full/6585.png
20,Philadelphia 76ers,PHI,5124612,VJ Edgecombe,Guard,77,20,76.0,180.0,0.0,Active,https://a.espncdn.com/i/headshots/nba/players/full/5124612.png
20,Philadelphia 76ers,PHI,4711297,Justin Edwards,Forward,11,22,79.0,203.0,1.0,Active,https://a.espncdn.com/i/headshots/nba/players/full/4711297.png
20,Philadelphia 76ers,PHI,3059318,Joel Embiid,Center,21,32,84.0,280.0,9.0,Active,https://a.espncdn.com/i/headshots/nba/players/full/3059318.png
20,Philadelphia 76ers,PHI,4251,Paul George,Forward,8,36,80.0,220.0,15.0,Active,https://a.espncdn.com/i/headshots/nba/players/full/4251.png
20,Philadelphia 76ers,PHI,4397014,Quentin Grimes,Guard,5,26,76.0,210.0,4.0,Active,https://a.espncdn.com/i/headshots/nba/players/full/4397014.png
20,Philadelphia 76ers,PHI,3012,Kyle Lowry,Guard,7,40,72.0,196.0,19.0,Active,https://a.espncdn.com/i/headshots/nba/players/full/3012.png
20,Philadelphia 76ers,PHI,4397179,Tyrese Martin,Guard,23,27,78.0,215.0,2.0,Active,https://a.espncdn.com/i/headshots/nba/players/full/4397179.png
20,Philadelphia 76ers,PHI,4431678,Tyrese Maxey,Guard,0,25,74.0,200.0,5.0,Active,https://a.espncdn.com/i/headshots/nba/players/full/4431678.png
20,Philadelphia 76ers,PHI,3133603,Kelly Oubre Jr.,Guard,9,30,80.0,203.0,10.0,Active,https://a.espncdn.com/i/headshots/nba/players/full/3133603.png
20,Philadelphia 76ers,PHI,4433159,Dalen Terry,Forward,14,23,78.0,195.0,3.0,Active,https://a.espncdn.com/i/headshots/nba/players/full/4433159.png
20,Philadelphia 76ers,PHI,4432446,Jabari Walker,Forward,33,23,79.0,237.0,3.0,Active,https://a.espncdn.com/i/headshots/nba/players/full/4432446.png
20,Philadelphia 76ers,PHI,4431675,Trendon Watford,Forward,12,25,80.0,237.0,4.0,Active,https://a.espncdn.com/i/headshots/nba/players/full/4431675.png
21,Phoenix Suns,PHX,3135045,Grayson Allen,Guard,8,30,75.0,198.0,7.0,Active,https://a.espncdn.com/i/headshots/nba/players/full/3135045.png
21,Phoenix Suns,PHX,3136193,Devin Booker,Guard,1,29,77.0,206.0,10.0,Active,https://a.espncdn.com/i/headshots/nba/players/full/3136193.png
21,Phoenix Suns,PHX,4280245,Jamaree Bouyea,Guard,17,26,74.0,180.0,3.0,Active,https://a.espncdn.com/i/headshots/nba/players/full/4280245.png
21,Phoenix Suns,PHX,4591259,Koby Brea,Guard,14,23,77.0,215.0,0.0,Active,https://a.espncdn.com/i/headshots/nba/players/full/4591259.png
21,Phoenix Suns,PHX,3155526,Dillon Brooks,Forward,3,30,79.0,225.0,8.0,Active,https://a.espncdn.com/i/headshots/nba/players/full/3155526.png
21,Phoenix Suns,PHX,4066387,Amir Coffey,Guard,2,28,79.0,210.0,6.0,Active,https://a.espncdn.com/i/headshots/nba/players/full/4066387.png
21,Phoenix Suns,PHX,4888725,Ryan Dunn,Forward,0,23,79.0,216.0,1.0,Active,https://a.espncdn.com/i/headshots/nba/players/full/4888725.png
21,Phoenix Suns,PHX,5105977,Rasheer Fleming,Forward,20,21,81.0,240.0,0.0,Active,https://a.espncdn.com/i/headshots/nba/players/full/5105977.png
21,Phoenix Suns,PHX,4278585,Collin Gillespie,Guard,12,26,73.0,195.0,2.0,Active,https://a.espncdn.com/i/headshots/nba/players/full/4278585.png
21,Phoenix Suns,PHX,4278402,Jordan Goodwin,Guard,23,27,75.0,215.0,4.0,Active,https://a.espncdn.com/i/headshots/nba/players/full/4278402.png
21,Phoenix Suns,PHX,4437244,Jalen Green,Guard,4,24,76.0,186.0,4.0,Active,https://a.espncdn.com/i/headshots/nba/players/full/4437244.png
21,Phoenix Suns,PHX,4291678,Haywood Highsmith,Forward,7,29,77.0,220.0,5.0,Active,https://a.espncdn.com/i/headshots/nba/players/full/4291678.png
21,Phoenix Suns,PHX,4702602,CJ Huntley,Forward,22,24,81.0,190.0,0.0,Active,https://a.espncdn.com/i/headshots/nba/players/full/4702602.png
21,Phoenix Suns,PHX,4601023,Oso Ighodaro,Forward,11,23,83.0,235.0,1.0,Active,https://a.espncdn.com/i/headshots/nba/players/full/4601023.png
21,Phoenix Suns,PHX,4277957,Isaiah Livers,Forward,18,27,78.0,232.0,3.0,Active,https://a.espncdn.com/i/headshots/nba/players/full/4277957.png
21,Phoenix Suns,PHX,5203685,Khaman Maluach,Center,10,19,85.0,250.0,0.0,Active,https://a.espncdn.com/i/headshots/nba/players/full/5203685.png
21,Phoenix Suns,PHX,2583632,Royce O'Neale,Forward,00,32,78.0,226.0,8.0,Active,https://a.espncdn.com/i/headshots/nba/players/full/2583632.png
21,Phoenix Suns,PHX,4701232,Mark Williams,Center,15,24,85.0,240.0,3.0,Active,https://a.espncdn.com/i/headshots/nba/players/full/4701232.png
22,Portland Trail Blazers,POR,4683021,Deni Avdija,Forward,8,25,80.0,228.0,5.0,Active,https://a.espncdn.com/i/headshots/nba/players/full/4683021.png
22,Portland Trail Blazers,POR,4431736,Toumani Camara,Forward,33,26,79.0,230.0,2.0,Active,https://a.espncdn.com/i/headshots/nba/players/full/4431736.png
22,Portland Trail Blazers,POR,5081727,Sidy Cissoko,Guard,91,22,78.0,220.0,2.0,Active,https://a.espncdn.com/i/headshots/nba/players/full/5081727.png
22,Portland Trail Blazers,POR,5105565,Donovan Clingan,Center,23,22,86.0,280.0,1.0,Active,https://a.espncdn.com/i/headshots/nba/players/full/5105565.png
22,Portland Trail Blazers,POR,2991070,Jerami Grant,Forward,9,32,79.0,213.0,11.0,Active,https://a.espncdn.com/i/headshots/nba/players/full/2991070.png
22,Portland Trail Blazers,POR,5217746,Yang Hansen,Center,16,20,85.0,270.0,0.0,Active,https://a.espncdn.com/i/headshots/nba/players/full/5217746.png
22,Portland Trail Blazers,POR,4683678,Scoot Henderson,Guard,00,22,75.0,207.0,2.0,Active,https://a.espncdn.com/i/headshots/nba/players/full/4683678.png
22,Portland Trail Blazers,POR,3995,Jrue Holiday,Guard,5,35,76.0,220.0,16.0,Active,https://a.espncdn.com/i/headshots/nba/players/full/3995.png
22,Portland Trail Blazers,POR,4703889,Jayson Kent,Guard,29,24,80.0,215.0,0.0,Active,
22,Portland Trail Blazers,POR,4578893,Vit Krejci,Guard,27,25,80.0,195.0,4.0,Active,https://a.espncdn.com/i/headshots/nba/players/full/4578893.png
22,Portland Trail Blazers,POR,6606,Damian Lillard,Guard,0,35,74.0,200.0,13.0,Active,https://a.espncdn.com/i/headshots/nba/players/full/6606.png
22,Portland Trail Blazers,POR,4433144,Caleb Love,Guard,2,24,75.0,212.0,0.0,Active,https://a.espncdn.com/i/headshots/nba/players/full/4433144.png
22,Portland Trail Blazers,POR,4594326,Kris Murray,Forward,24,25,80.0,218.0,2.0,Active,https://a.espncdn.com/i/headshots/nba/players/full/4594326.png
22,Portland Trail Blazers,POR,4914336,Shaedon Sharpe,Guard,17,23,77.0,210.0,3.0,Active,https://a.espncdn.com/i/headshots/nba/players/full/4914336.png
22,Portland Trail Blazers,POR,3907498,Matisse Thybulle,Guard,4,29,77.0,202.0,6.0,Active,https://a.espncdn.com/i/headshots/nba/players/full/3907498.png
22,Portland Trail Blazers,POR,4683935,Blake Wesley,Guard,1,23,76.0,190.0,3.0,Active,https://a.espncdn.com/i/headshots/nba/players/full/4683935.png
22,Portland Trail Blazers,POR,4066211,Robert Williams III,Center,35,28,81.0,249.0,7.0,Active,https://a.espncdn.com/i/headshots/nba/players/full/4066211.png
22,Portland Trail Blazers,POR,4706557,Chris Youngblood,Guard,11,24,76.0,221.0,0.0,Active,https://a.espncdn.com/i/headshots/nba/players/full/4706557.png
23,Sacramento Kings,SAC,4431679,Precious Achiuwa,Power Forward,9,26,80.0,243.0,5.0,Active,https://a.espncdn.com/i/headshots/nba/players/full/4431679.png
23,Sacramento Kings,SAC,4433246,Patrick Baldwin Jr.,Guard,23,23,81.0,220.0,3.0,Active,https://a.espncdn.com/i/headshots/nba/players/full/4433246.png
23,Sacramento Kings,SAC,4433174,Dylan Cardwell,Center,32,24,82.0,255.0,0.0,Active,https://a.espncdn.com/i/headshots/nba/players/full/4433174.png
23,Sacramento Kings,SAC,4433188,Devin Carter,Guard,22,24,74.0,195.0,1.0,Active,https://a.espncdn.com/i/headshots/nba/players/full/4433188.png
23,Sacramento Kings,SAC,4702384,Nique Clifford,Guard,5,24,77.0,175.0,0.0,Active,https://a.espncdn.com/i/headshots/nba/players/full/4702384.png
23,Sacramento Kings,SAC,3978,DeMar DeRozan,Guard,10,36,78.0,220.0,16.0,Active,https://a.espncdn.com/i/headshots/nba/players/full/3978.png
23,Sacramento Kings,SAC,3914285,Drew Eubanks,Forward,19,29,82.0,245.0,7.0,Active,https://a.espncdn.com/i/headshots/nba/players/full/3914285.png
23,Sacramento Kings,SAC,4683024,Killian Hayes,Guard,3,24,76.0,195.0,5.0,Active,https://a.espncdn.com/i/headshots/nba/players/full/4683024.png
23,Sacramento Kings,SAC,4065732,De'Andre Hunter,Forward,15,28,79.0,221.0,6.0,Active,https://a.espncdn.com/i/headshots/nba/players/full/4065732.png
23,Sacramento Kings,SAC,3064440,Zach LaVine,Guard,8,31,77.0,200.0,11.0,Active,https://a.espncdn.com/i/headshots/nba/players/full/3064440.png
23,Sacramento Kings,SAC,2528588,Doug McDermott,Forward,7,34,79.0,225.0,11.0,Active,https://a.espncdn.com/i/headshots/nba/players/full/2528588.png
23,Sacramento Kings,SAC,4066262,Malik Monk,Guard,0,28,75.0,200.0,8.0,Active,https://a.espncdn.com/i/headshots/nba/players/full/4066262.png
23,Sacramento Kings,SAC,4594327,Keegan Murray,Forward,13,25,80.0,225.0,3.0,Active,https://a.espncdn.com/i/headshots/nba/players/full/4594327.png
23,Sacramento Kings,SAC,4279318,Daeqwon Plowden,Guard,29,27,78.0,216.0,1.0,Active,https://a.espncdn.com/i/headshots/nba/players/full/4279318.png
23,Sacramento Kings,SAC,4898371,Maxime Raynaud,Center,42,23,85.0,250.0,0.0,Active,https://a.espncdn.com/i/headshots/nba/players/full/4898371.png
23,Sacramento Kings,SAC,3155942,Domantas Sabonis,Forward,11,30,82.0,240.0,9.0,Active,https://a.espncdn.com/i/headshots/nba/players/full/3155942.png
23,Sacramento Kings,SAC,4432117,Isaiah Stevens,Guard,24,25,71.0,185.0,1.0,Active,https://a.espncdn.com/i/headshots/nba/players/full/4432117.png
23,Sacramento Kings,SAC,3468,Russell Westbrook,Guard,18,37,76.0,200.0,17.0,Active,https://a.espncdn.com/i/headshots/nba/players/full/3468.png
24,San Antonio Spurs,SA,6578,Harrison Barnes,Forward,40,34,79.0,225.0,13.0,Active,https://a.espncdn.com/i/headshots/nba/players/full/6578.png
24,San Antonio Spurs,SA,6427,Bismack Biyombo,Center,18,33,80.0,255.0,14.0,Active,https://a.espncdn.com/i/headshots/nba/players/full/6427.png
24,San Antonio Spurs,SA,5061568,Carter Bryant,Forward,11,20,78.0,220.0,0.0,Active,https://a.espncdn.com/i/headshots/nba/players/full/5061568.png
24,San Antonio Spurs,SA,4845367,Stephon Castle,Guard,5,21,78.0,215.0,1.0,Active,https://a.espncdn.com/i/headshots/nba/players/full/4845367.png
24,San Antonio Spurs,SA,4592479,Julian Champagnie,Forward,30,24,79.0,217.0,3.0,Active,https://a.espncdn.com/i/headshots/nba/players/full/4592479.png
24,San Antonio Spurs,SA,4066259,De'Aaron Fox,Guard,4,28,75.0,185.0,8.0,Active,https://a.espncdn.com/i/headshots/nba/players/full/4066259.png
24,San Antonio Spurs,SA,5037871,Dylan Harper,Guard,2,20,77.0,215.0,0.0,Active,https://a.espncdn.com/i/headshots/nba/players/full/5037871.png
24,San Antonio Spurs,SA,4433618,Harrison Ingram,Forward,55,23,77.0,230.0,1.0,Active,https://a.espncdn.com/i/headshots/nba/players/full/4433618.png
24,San Antonio Spurs,SA,4395723,Keldon Johnson,Forward,3,26,77.0,220.0,6.0,Active,https://a.espncdn.com/i/headshots/nba/players/full/4395723.png
24,San Antonio Spurs,SA,4713010,David Jones Garcia,Forward,25,24,76.0,210.0,0.0,Active,https://a.espncdn.com/i/headshots/nba/players/full/4713010.png
24,San Antonio Spurs,SA,3064560,Luke Kornet,Center,7,30,85.0,250.0,8.0,Active,https://a.espncdn.com/i/headshots/nba/players/full/3064560.png
24,San Antonio Spurs,SA,3134916,Jordan McLaughlin,Guard,0,30,72.0,185.0,6.0,Active,https://a.espncdn.com/i/headshots/nba/players/full/3134916.png
24,San Antonio Spurs,SA,4432872,Emanuel Miller,Forward,14,25,77.0,215.0,1.0,Active,https://a.espncdn.com/i/headshots/nba/players/full/4432872.png
24,San Antonio Spurs,SA,2489663,Kelly Olynyk,Forward,8,35,84.0,240.0,12.0,Active,https://a.espncdn.com/i/headshots/nba/players/full/2489663.png
24,San Antonio Spurs,SA,2488653,Mason Plumlee,Center,45,36,84.0,254.0,12.0,Active,https://a.espncdn.com/i/headshots/nba/players/full/2488653.png
24,San Antonio Spurs,SA,4395630,Devin Vassell,Guard,24,25,77.0,200.0,5.0,Active,https://a.espncdn.com/i/headshots/nba/players/full/4395630.png
24,San Antonio Spurs,SA,4066317,Lindy Waters III,Forward,43,28,77.0,210.0,4.0,Active,https://a.espncdn.com/i/headshots/nba/players/full/4066317.png
24,San Antonio Spurs,SA,5104157,Victor Wembanyama,Forward,1,22,88.0,235.0,2.0,Active,https://a.espncdn.com/i/headshots/nba/players/full/5104157.png
28,Toronto Raptors,TOR,4433134,Scottie Barnes,Forward,4,24,80.0,237.0,4.0,Active,https://a.espncdn.com/i/headshots/nba/players/full/4433134.png
28,Toronto Raptors,TOR,4395625,RJ Barrett,Forward,9,25,78.0,214.0,6.0,Active,https://a.espncdn.com/i/headshots/nba/players/full/4395625.png
28,Toronto Raptors,TOR,4431893,Jamison Battle,Forward,77,25,79.0,220.0,1.0,Active,https://a.espncdn.com/i/headshots/nba/players/full/4431893.png
28,Toronto Raptors,TOR,5106258,Gradey Dick,Guard,1,22,79.0,200.0,2.0,Active,https://a.espncdn.com/i/headshots/nba/players/full/5106258.png
28,Toronto Raptors,TOR,4590360,Chucky Hepburn,Guard,24,23,72.0,190.0,0.0,Active,https://a.espncdn.com/i/headshots/nba/players/full/4590360.png
28,Toronto Raptors,TOR,3913176,Brandon Ingram,Forward,3,28,80.0,190.0,9.0,Active,https://a.espncdn.com/i/headshots/nba/players/full/3913176.png
28,Toronto Raptors,TOR,4431684,Trayce Jackson-Davis,Forward,32,26,81.0,245.0,2.0,Active,https://a.espncdn.com/i/headshots/nba/players/full/4431684.png
28,Toronto Raptors,TOR,4067017,A.J. Lawson,Guard,0,25,78.0,179.0,3.0,Active,https://a.espncdn.com/i/headshots/nba/players/full/4067017.png
28,Toronto Raptors,TOR,4278580,Sandro Mamukelashvili,Forward,54,27,81.0,240.0,4.0,Active,https://a.espncdn.com/i/headshots/nba/players/full/4278580.png
28,Toronto Raptors,TOR,4702656,Alijah Martin,Guard,55,24,74.0,210.0,0.0,Active,https://a.espncdn.com/i/headshots/nba/players/full/4702656.png
28,Toronto Raptors,TOR,5107897,Jonathan Mogbo,Forward,2,24,81.0,225.0,1.0,Active,https://a.espncdn.com/i/headshots/nba/players/full/5107897.png
28,Toronto Raptors,TOR,5093267,Collin Murray-Boyles,Forward,12,20,79.0,245.0,0.0,Active,https://a.espncdn.com/i/headshots/nba/players/full/5093267.png
28,Toronto Raptors,TOR,3134908,Jakob Poeltl,Center,19,30,84.0,253.0,9.0,Active,https://a.espncdn.com/i/headshots/nba/players/full/3134908.png
28,Toronto Raptors,TOR,4395724,Immanuel Quickley,Guard,5,26,74.0,190.0,5.0,Active,https://a.espncdn.com/i/headshots/nba/players/full/4395724.png
28,Toronto Raptors,TOR,4432241,Jamal Shead,Guard,23,23,73.0,200.0,1.0,Active,https://a.espncdn.com/i/headshots/nba/players/full/4432241.png
28,Toronto Raptors,TOR,4023,Garrett Temple,Guard,17,40,77.0,195.0,15.0,Active,https://a.espncdn.com/i/headshots/nba/players/full/4023.png
28,Toronto Raptors,TOR,4684272,Ja'Kobe Walter,Guard,14,21,76.0,180.0,1.0,Active,https://a.espncdn.com/i/headshots/nba/players/full/4684272.png
26,Utah Jazz,UTAH,4873138,Ace Bailey,Guard,19,19,81.0,200.0,0.0,Active,https://a.espncdn.com/i/headshots/nba/players/full/4873138.png
26,Utah Jazz,UTAH,4432646,Kennedy Chandler,Guard,0,23,71.0,170.0,1.0,Active,https://a.espncdn.com/i/headshots/nba/players/full/4432646.png
26,Utah Jazz,UTAH,4683766,Isaiah Collier,Guard,8,21,76.0,210.0,1.0,Active,https://a.espncdn.com/i/headshots/nba/players/full/4683766.png
26,Utah Jazz,UTAH,4684793,Kyle Filipowski,Forward,22,22,83.0,250.0,1.0,Active,https://a.espncdn.com/i/headshots/nba/players/full/4684793.png
26,Utah Jazz,UTAH,4433627,Keyonte George,Guard,3,22,76.0,185.0,2.0,Active,https://a.espncdn.com/i/headshots/nba/players/full/4433627.png
26,Utah Jazz,UTAH,5176420,Hayden Gray,Guard,3,23,76.0,190.0,0.0,Active,
26,Utah Jazz,UTAH,4397449,Elijah Harkless,Guard,16,26,75.0,195.0,1.0,Active,https://a.espncdn.com/i/headshots/nba/players/full/4397449.png
26,Utah Jazz,UTAH,4396963,Blake Hinson,Forward,2,26,80.0,230.0,0.0,Active,https://a.espncdn.com/i/headshots/nba/players/full/4396963.png
26,Utah Jazz,UTAH,4277961,Jaren Jackson Jr.,Forward,20,26,82.0,242.0,7.0,Active,https://a.espncdn.com/i/headshots/nba/players/full/4277961.png
26,Utah Jazz,UTAH,4433136,Walker Kessler,Center,24,24,86.0,245.0,3.0,Active,https://a.espncdn.com/i/headshots/nba/players/full/4433136.png
26,Utah Jazz,UTAH,3134932,John Konchar,Guard,55,30,77.0,210.0,6.0,Active,https://a.espncdn.com/i/headshots/nba/players/full/3134932.png
26,Utah Jazz,UTAH,3449,Kevin Love,Forward,42,37,82.0,251.0,17.0,Active,https://a.espncdn.com/i/headshots/nba/players/full/3449.png
26,Utah Jazz,UTAH,4066336,Lauri Markkanen,Forward,23,29,85.0,240.0,8.0,Active,https://a.espncdn.com/i/headshots/nba/players/full/4066336.png
26,Utah Jazz,UTAH,4898237,Bez Mbeng,Guard,21,24,76.0,185.0,0.0,Active,
26,Utah Jazz,UTAH,3133602,Svi Mykhailiuk,Guard,10,28,79.0,205.0,7.0,Active,https://a.espncdn.com/i/headshots/nba/players/full/3133602.png
26,Utah Jazz,UTAH,3102530,Jusuf Nurkic,Center,30,31,83.0,290.0,11.0,Active,https://a.espncdn.com/i/headshots/nba/players/full/3102530.png
26,Utah Jazz,UTAH,5105839,Brice Sensabaugh,Forward,28,22,78.0,235.0,2.0,Active,https://a.espncdn.com/i/headshots/nba/players/full/5105839.png
26,Utah Jazz,UTAH,4432827,Oscar Tshiebwe,Center,34,26,80.0,255.0,2.0,Active,https://a.espncdn.com/i/headshots/nba/players/full/4432827.png
26,Utah Jazz,UTAH,4895758,Cody Williams,Forward,5,21,80.0,190.0,1.0,Active,https://a.espncdn.com/i/headshots/nba/players/full/4895758.png
27,Washington Wizards,WSH,4395650,Leaky Black,Forward,12,26,78.0,209.0,1.0,Active,https://a.espncdn.com/i/headshots/nba/players/full/4395650.png
27,Washington Wizards,WSH,4845374,Bub Carrington,Guard,7,20,76.0,190.0,1.0,Active,https://a.espncdn.com/i/headshots/nba/players/full/4845374.png
27,Washington Wizards,WSH,4432907,Justin Champagnie,Forward,9,24,78.0,206.0,4.0,Active,https://a.espncdn.com/i/headshots/nba/players/full/4432907.png
27,Washington Wizards,WSH,4432173,Sharife Cooper,Guard,13,24,72.0,176.0,1.0,Active,https://a.espncdn.com/i/headshots/nba/players/full/4432173.png
27,Washington Wizards,WSH,5104155,Bilal Coulibaly,Guard,0,21,79.0,195.0,2.0,Active,https://a.espncdn.com/i/headshots/nba/players/full/5104155.png
27,Washington Wizards,WSH,6583,Anthony Davis,Forward,23,33,82.0,253.0,13.0,Active,https://a.espncdn.com/i/headshots/nba/players/full/6583.png
27,Washington Wizards,WSH,5174563,Kyshawn George,Forward,18,22,80.0,200.0,1.0,Active,https://a.espncdn.com/i/headshots/nba/players/full/5174563.png
27,Washington Wizards,WSH,2581184,Anthony Gill,Forward,16,33,79.0,230.0,5.0,Active,https://a.espncdn.com/i/headshots/nba/players/full/2581184.png
27,Washington Wizards,WSH,4868423,Jaden Hardy,Guard,8,23,75.0,198.0,3.0,Active,https://a.espncdn.com/i/headshots/nba/players/full/4868423.png
27,Washington Wizards,WSH,5238230,Tre Johnson,Guard,12,20,77.0,190.0,0.0,Active,https://a.espncdn.com/i/headshots/nba/players/full/5238230.png
27,Washington Wizards,WSH,4683742,Julian Reese,Forward,15,22,81.0,252.0,0.0,Active,
27,Washington Wizards,WSH,5144126,Will Riley,Guard,27,20,81.0,180.0,0.0,Active,https://a.espncdn.com/i/headshots/nba/players/full/5144126.png
27,Washington Wizards,WSH,3136776,D'Angelo Russell,Guard,5,30,75.0,193.0,10.0,Active,https://a.espncdn.com/i/headshots/nba/players/full/3136776.png
27,Washington Wizards,WSH,5160992,Alex Sarr,Center,20,21,84.0,205.0,1.0,Active,https://a.espncdn.com/i/headshots/nba/players/full/5160992.png
27,Washington Wizards,WSH,4997537,Tristan Vukcevic,Forward,00,23,84.0,220.0,2.0,Active,https://a.espncdn.com/i/headshots/nba/players/full/4997537.png
27,Washington Wizards,WSH,4606840,Jamir Watkins,Guard,5,24,78.0,210.0,0.0,Active,https://a.espncdn.com/i/headshots/nba/players/full/4606840.png
27,Washington Wizards,WSH,5105592,Cam Whitmore,Forward,1,21,78.0,230.0,2.0,Active,https://a.espncdn.com/i/headshots/nba/players/full/5105592.png
27,Washington Wizards,WSH,4277905,Trae Young,Guard,3,27,74.0,164.0,7.0,Active,https://a.espncdn.com/i/headshots/nba/players/full/4277905.png
